ID,숙소명,주소,전화번호,편의시설 및 서비스 정보,설명,위도,경도,지역코드,홈페이지
12,롯데호텔 서울,서울 중구 을지로 30,02-771-1000,"무료 주차, 무료 초고속 인터넷(Wi-Fi), 성인 풀, 헬스장/피트니스 센터, 바/라운지, 베이비시팅, 공항 교통편, 인터넷 사용 가능한 비지니스 센터","대한민국 서울의 중심에 위치하여 1,015실 규모를 자랑하는 한국 최고의 럭셔리 비즈니스 호텔인 롯데호텔서울은 고객 한 분 한 분의 높은 취향을 만족시킬 수 있도록 품격과 감각을 높였으며, 네 개의 세계적인 인테리어 회사들이 참가하여 설계한 독창적인 본관 객실은 최신 트렌드를 반영하며 성공적인 비즈니스를 위한 최적의 공간입니다. 2018년 9월 리뉴얼된 이그제큐티브타워는 한층 더 정교한 서비스와 세계적인 인테리어 회사 ""GA""가 설계한 품격 있는 공간으로 재탄생하여 럭셔리 호텔의 새로운 지평을 열어갈 것 입니다. 또한, 롯데호텔서울은 각종 공공기관과 가까운 위치에 있으며 백화점과 면세점이 위치하여 편리성을 자랑합니다. 품격 있는 가족 모임과 럭셔리 웨딩을 위한 최상의 장소를 제공하고 있으며, 최고급 레스토랑을 갖추고 있어 국빈 등 VIP 고객을 모시기에 최적의 공간을 제공합니다.",37.5653,126.980979,1,https://www.lottehotel.com/seoul-hotel/ko.html
13,JW 메리어트 호텔 서울,"서울 서초구 신반포로 176","02-6282-6262","무료 주차, 무료 초고속 인터넷(Wi-Fi), 풀, 헬스장/피트니스 센터, 바/라운지, 미니 골프, 스쿼시, 어린이 숙박 무료","JW 메리어트 서울은 다양한 쇼핑과 문화, 교통의 중심지인 강남 반포 센트럴시티에 위치하며 펜트하우스 2개와 스위트룸 32개를 포함한 총 379개의 객실로 이루어져 있습니다. 품격과 클래스를 맛볼 수 있는 그릴, 일식, 뷔페 레스토랑 및 라운지, 카페, 바, 파티세리 등에서 국내외 탑 셰프들이 준비하는 오뜨 퀴진(Haute Cuisine)을 선보입니다. JW 메리어트 서울은 행사의 특색에 따라 선택 및 조정 가능한 그랜드 볼룸과 6개의 살롱을 보유하고 있어 대형 컨퍼런스, 각종 연회 및 비즈니스 미팅과 웨딩을 위한 최적의 장소입니다. 한편, 국내 호텔 최대 규모의 피트니스 공간인 ‘마르퀴스 스파 & 피트니스’는 도심 속 청정환경에서 진정한 휴식과 운동, 힐링을 즐기실 수 있는 완벽한 웰니스 공간입니다.",37.5039018,127.0047481,1,https://www.marriott.co.kr/hotels/travel/seljw-jw-marriott-hotel-seoul/
14,이비스 스타일 앰배서더 서울 명동,서울 서울특별시 중구 삼일대로 302,02-6020-8888,"호텔 내 호텔 전용 유료 주차장, 무료 초고속 인터넷(Wi-Fi), 헬스장/피트니스 센터, 바/라운지, 공항 교통편, 인터넷 사용 가능한 비지니스 센터, 회의실, 루프탑 테라스","서울 최고의 비지니스와 관광 쇼핑의 중심지인 명동에 위치하고 있는 이비스 스타일 앰배서더 서울 명동은 180개의 트렌디한 객실과 남산을 바라보며 도심 속의 여유를 즐길 수 있는 Roof Top Bar & Restaurant, 도심 속의 리조트를 연상케 하는 20F 노천탕 & 사우나, 피트니스센터, 미팅 룸 등 다양한 편의 시설을 제공합니다. 또한 고객님의 쾌적한 투숙환경 조성을 위해 호텔 전체를 금연으로 운영하고 있습니다.",37.5619759,126.9895644,1,http://ibisstyles.ambatel.com/myeongdong
15,인터컨티넨탈 서울 코엑스,"서울 강남구 봉은사로 524","080-880-5925","무료 주차, 무료 초고속 인터넷(Wi-Fi), 풀, 헬스장/피트니스 센터, 바/라운지, 카지노 및 도박장, 공항 교통편, 인터넷 사용 가능한 비지니스 센터","인터컨티넨탈 서울 코엑스는 고급스러운 5성급 호텔로 세계 무역 센터에 자리해 있으며 코엑스 단지에서 350m 떨어져 있습니다. 호텔은 5개의 레스토랑, 피트니스 센터 및 무료 주차장을 보유하고 있습니다. 모든 객실에서 무료 Wi-Fi를 이용하실 수 있습니다. 넓은 객실은 현대적인 인테리어를 자랑하며 냉난방 시설을 갖추고 있습니다. 각 객실에는 미니바, 업무용 책상, 위성 TV가 마련되어 있습니다. 인터컨티넨탈 서울 코엑스는 스카이라인 전망을 감상하며 이탈리아 요리를 즐길 수 있는 스카이 라운지 등 4개의 레스토랑과 바를 운영하고 있습니다. 뷔페 레스토랑인 브래서리는 온종일 운영하며, 세계 각국의 다양한 별미 요리를 선보입니다. 각 섹션에서 동양에서 서양에 이르기까지 독특하고 신선한 제철 요리를 맛보실 수 있습니다.",37.5126864,127.0574219,1,http://seoul.intercontinental.com/iccoex
16,앰배서더 서울 풀만 호텔,서울 중구 동호로 287,02-2275-1101,"무료 주차, 무료 초고속 인터넷(Wi-Fi), 풀, 헬스장/피트니스 센터, 바/라운지, 무료 셔틀 또는 택시 서비스, 인터넷 사용 가능한 비지니스 센터, 콘퍼런스 시설","""Yours Always, 당신의 모든 순간을 특별한 순간으로"" 서울의 중심에 위치한 앰배서더 서울 풀만 호텔은 국내 첫 민영 호텔로써 1955년부터 현재까지 지켜온 유서 깊은(Storied) 헤리티지를 토대로 고객에게 최상의 가치를 선사합니다. 호텔 외관, 객실, 레스토랑, 바 등 전관 리노베이션을 통해 새롭게 단장한 앰배서더 서울 풀만 호텔은 269개의 객실과 49개의 레지던스를 갖추고 있습니다. 프리미엄 라이브 뷔페 ‘더 킹스’와 더불어 새롭게 선보이는 고멧 그로서리 다이닝 ‘1955 그로세리아’에서는 컨템포러리 유러피안 다이닝을 만나실 수 있으며, ‘더 쉐프스 테이블’은 프리미엄 철판요리와 스시로 여러분을 미식의 세계로 초대합니다. 또한, 실내 수영장, 피트니스, 스크린골프 등 다양한 피트니스 시설을 갖춘 웰니스 센터에서는 전문적인 퍼스널 트레이닝 시스템을 통해 스마트한 라이프 스타일을 경험하실 수 있으며, 이국적인 정취의 4층 야외 수영장에서 도심 속 자연을 느끼며 여유로운 휴식을 만끽하실 수 있습니다. 친환경, 스마트 그리고 럭셔리의 모든 가치를 겸비하고 있는 앰배서더 서울 풀만 호텔은 여행과 출장을 위해 방문한 모든 분들께 최적의 공간입니다. 세심하고 품격 있는 서비스를 통해 고객 여러분의 소중한 순간(Treasured Moments)을 약속 드립니다.",37.5604038,127.0024791,1,https://www.ambatel.com/theambassador/seoul/ko/main.do
17,오크우드 프리미어 코엑스 센터,서울 강남구 테헤란로87길 46,02-3466-7000,"전기 자동차 충전소, 무료 인터넷, 풀, 헬스장/피트니스 센터, 바/라운지, 카지노 및 도박장, 어린이 숙박 무료, 어린이용 실내 놀이 구역","오크우드 프리미어 코엑스 센터는 최고급 호텔이 주는 서비스와 더불어 내 집 같은 편안함과 여유로움으로 고객 여러분을 맞이합니다. 아시아의 매력적인 도시 서울의 비즈니스와 문화의 중심 강남 무역센터 단지 내에 위치해 있어 최적의 접근성을 자랑합니다. 코엑스, 한국종합무역센터, 아셈타워 등과 인접해 편리한 비즈니스 업무 환경을 제공합니다. 현대백화점, 한국도심공항, 스타필드 코엑스몰과 연결되어 여가 생활의 품격을 더해 드립니다. 넓은 면적과 여유로운 수납 공간을 자랑하는 281개의 객실은 가장 기본 타입인 스튜디오부터 1∙2∙3∙4 베드룸, 펜트하우스까지 다양한 타입으로 선보입니다. 하루부터 1년 이상의 장기 투숙까지 가능한 오크우드 프리미어 코엑스 센터의 객실에는 냉장고, 전자레인지, 식기세척기 등 주방 시설이 완비되어 있습니다. 여기에 대형 TV, DVD, 세탁기 등의 생활가전까지 갖추고 있어 완벽한 주거 공간을 제공합니다.",37.51093,127.058103,1,https://oakwoodpremier.co.kr/front/ko/opcc
18,비스타 워커힐 서울,서울 광진구 워커힐로 177,02-455-5000,"전기 자동차 충전소, 무료 초고속 인터넷(Wi-Fi), 풀, 헬스장/피트니스 센터, 바/라운지, 카지노 및 도박장, 키즈 클럽, 유모차","CREATE MOMENTS BEYOND YOUR EXPECTATION 편안하고 감각적인 인테리어와 자연 친화적 환경, 최고의 휴식을 위한 PA 서비스 등과 함께 그 어디에서도 경험할 수 없는 차별화된 가치를 만나보세요. SUSTAINABLE LUXURY 한강이 한 눈에 내려다 보이는 아차산 위에 구름처럼 자리한 비스타 워커힐 서울은 도심 속 그 어디에서도 경험할 수 없는 아름다운 자연을 고객들의 삶 속에 되돌려 드립니다. 하이 테크놀로지를 통해 새로운 미래를 열어나가고, 자연을 우리의 삶 속에서 함께 살아 숨쉬게 하며, 이를 통해 인간의 삶에 생동감을 불어 넣습니다. 사람과 자연 그리고 미래가 공존 · 공영하는 새로운 공간, 비스타 워커힐 서울에서는 차별화되고 크리에이티브한 라이프스타일 경험들을 통해 지속 가능한 진정한 LUXURY 문화를 선도합니다.",37.5543699,127.1112096,1,http://www.vistawalkerhillseoul.com/
19,그랜드 하얏트 서울,서울 용산구 소월로 322,02-797-1234,"발렛주차,무료 초고속 인터넷(Wi-Fi), 풀, 헬스장/피트니스 센터, 바/라운지, 나이트클럽/DJ, 공항 교통편, 인터넷 사용 가능한 비지니스 센터","그랜드 하얏트 서울(은)는 서울 추천 숙소입니다. 가성비 우수, 편안하고 편리함까지 갖춘 이곳은 패밀리 한 분위기에 여러분같은 여행객들에게 꼭 맞는 부대시설들을 제공합니다.

G명동 쇼핑 거리(2.8 km), 가로수길(3.1 km)(와)과 같은 인기 명소와 가깝기 때문에, Seoul Hyatt 숙박 고객들은 서울에서 가장 잘 알려진 관광명소들을 손 쉽게 경험할 수 있습니다.

무료 무선 인터넷은 투숙객들에게 제공되고, 그랜드 하얏트 서울 객실에는 평면 TV, 냉장고, 에어컨(이)가 구비되어 있습니다.

이 곳에서 지내시는 동안 룸서비스, 컨시어지(을)를 포함한 부대시설의 혜택을 마음껏 누리시기 바랍니다. Grand Hyatt Seoul Hotel 투숙객들은 이 곳에서 제공하는 수영장, 아침식사도 언제든지 즐기실 수 있습니다. 차로 오시는 투숙객들은 주차도 가능합니다.

서울에는 태국 요리(이)가 많습니다. 따라서 여기 있는 동안에는 맛있는 메뉴를 선보이는 부다스밸리 이태원점, 띤띤, 왕 타이(와)과 같은 인기 맛집에서 반드시 드셔보시기 바랍니다.

서울(은)는 삼성미술관 리움, 국립현대미술관 서울관, 예술의 전당(을)를 포함한 멋진 미술관들로 알려져 있고, 그랜드 하얏트 서울(으)로부터도 멀지 않습니다.

그랜드 하얏트 서울에서는 여러분의 편리와 만족감이 최우선입니다. 그리고, 여러분의 서울 방문을 환영합니다.",37.538988,126.9958415,1,https://www.hyatt.com/ko-KR/hotel/south-korea/grand-hyatt-seoul/selrs?src=prop_misc_selrs_other_naver
110,노보텔 앰배서더 서울 강남 호텔,서울 강남구 봉은사로 130,02-567-1101,"무료 주차,무료 초고속 인터넷(Wi-Fi), 풀, 헬스장/피트니스 센터, 바/라운지, 나이트클럽/DJ, 어린이 숙박 무료, 아동 활동(아동/가족 친화적)","강남의 패셔너블한 쇼핑, 레스토랑 지구 중심에 위치하고 있으며, COEX와 대중교통 허브와 가깝습니다. 스위트와 새로 단장한 슈페리어룸과 프리미어 이그제큐티브룸 플로어를 비롯한 332개의 객실은 물론 다용도 회의실, 소회의실을 갖추고 있습니다. 피로 회복을 위한 실내 온수 수영장, 사우나, 골프 레인지를 갖춘 최첨단 ""Inbalance"" 피트니스 센터와 함께 모던과 클래식이 어우러진 레스토랑, 엔터테인먼트 부대 시설이 완비되어 있습니다.",37.5055121,127.0289196,1,https://www.instagram.com/novotel_gangnam/
111,웨스틴 조선 서울,서울 중구 소공로 106 Jung-Gu,02-771-0500,"무료 주차,무료 초고속 인터넷(Wi-Fi), 풀, 헬스장/피트니스 센터, 바/라운지, 호텔 외부 볼링장, 공항 교통편, 인터넷 사용 가능한 비지니스 센터","서울 웨스틴조선호텔은 비즈니스와 쇼핑의 최적지인 서울의 심장부에 위치한 특 1급 호텔로, 각국의 대사관, 은행, 정부부처, 고궁과 백화점과 명동에 인접한 곳에 자리하고 있으며, 인천 국제공항까지는 차로 1시간10분 거리에 있습니다. 462개 중 반 이상인 268개 객실(스위트 룸 41개)이 웨스틴 이그제큐티브 클럽층으로 고품격 서비스를 지향하고 있으며, 모든 객실은 케이블 모뎀(LAN), 보이스 메일 등 비즈니스 제반 시설은 물론 아이팟 스피커, 자동 온도조절, 미니 바와 24시간 룸 서비스 등 최신 서비스와 시설로 편의를 제공하고 있습니다. 또한 편안한 휴식을 위해 ‘천상의 수면’을 제공하는 웨스틴 社의 ‘헤븐리 베드(Heavenly Bed)’가 구비되어 최상의 안락함을 보장할 뿐 아니라 항알러지 처리를 한 카페트, 프리미엄 네스프레소 커피머신 등으로 편안함을 더했습니다 수상경력 • 인스티튜셔널 인베스터(Institutional Investor)-세계 100대 호텔(4년 연속) • 아시아머니(Asiamoney)–서울 최고의 호텔(3년 연속) • 트레블 앤 레저(Travel +Leisure)–세계 500대 호텔 • 콘데나스트 트래블러(Conde Nast Traveler)-서울 최고의 호텔 • 스마트 트래블 아시아(Smart Travel Asia)-서울 최고의 호텔(6년 연속)",37.564378,126.980058,1,https://www.josunhotel.com/hotel/westinSeoul.do
112,그랜드 인터컨티넨탈 서울 파르나스,서울 강남구 테헤란로 521,080-880-5925,"무료 주차,무료 초고속 인터넷(Wi-Fi), 풀, 헬스장/피트니스 센터, 바/라운지, 어린이 숙박 무료, 택시 서비스, 인터넷 사용 가능한 비지니스 센터","가장 진보된 서울을 만날 수 있는 테헤란로의 중심에 위치한 인터컨티넨탈 그랜드 서울 파르나스는 30년의 호텔 경영 노하우와 서비스 경험을 기반으로 True Hospitality를 선보입니다. 2020년 외관 및 객실 전면 리모델링을 통해 한국의 전통적인 아름다움을 현대적으로 재해석한 객실을 만나보실 수 있으며 탁 트인 통창으로 강남의 환상적인 전경을 한 자리에서 감상할 수 있습니다. 34층 최고층에 위치한 클럽 인터컨티넨탈은 서비스 품격을 리딩하는 Private Lounge로서 섬세하고 정교한 서비스를 추구합니다. 국내 특1급 호텔 중 최대 규모와 최신 시설을 갖춘 그랜드 볼룸 및 7개 연회장에서 고품격 프라이빗 웨딩, 가족모임은 물론 중소 규모의 회의와 대규모 컨벤션까지 다목적 행사를 진행하실 수 있습니다. 또한, 세계적인 레스토랑 어워드를 수상한 정통 일식부터 중식까지 5개의 레스토랑에서 세계의 다양한 맛을 각 분야 별 수석 셰프들의 노하우와 엄선된 식재료로 탄생한 맛과 서비스를 만나보실 수 있습니다. 스타필드 코엑스몰, 파르나스몰, 백화점, 면세점 등과 인접해 있으며 한국종합무역센터, 코엑스 컨벤션 센터, 공항터미널 등과 연결되어 쇼핑과 엔터테인먼트는 물론 전세계 비즈니스 여행객 모두에게 최적화된 서비스와 시설을 제공합니다.",37.5088823,127.0608141,1,http://seoul.intercontinental.com/grandicparnas
113,이비스 앰배서더 서울 명동,서울 중구 남대문로 78,02-6361-8888,"호텔 내 호텔 전용 유료 주차장, 무료 초고속 인터넷(Wi-Fi), 헬스장/피트니스 센터, 바/라운지, 어린이 숙박 무료, 택시 서비스, 인터넷 사용이 가능한 비지니스 센터, 콘퍼런스 시설","이비스 앰배서더 서울 명동(ibis Ambassador Seoul Myeongdong)은 서울의 최신 유행을 선도하는 쇼핑 구역 중심에 위치해 있으며, 주요 백화점, 레스토랑, 카페 및 나이트클럽이 가까운 거리에 있습니다. LCD TV가 구비된 모던한 스타일의 280개 객실이 마련되어 있으며, 레스토랑, 사우나, 헬스장, 비즈니스 센터, 코인 세탁기와 주차장 등의 시설을 이용하실 수 있습니다. 주요 은행과 기업의 본사가 이 지역에 위치해 있으며, 호텔에는 최대 40명까지 수용 가능한 회의실이 2개 있습니다.",37.5643834,126.9829397,1,https://www.ambatel.com/ibis/myeongdong/ko/main.do
114,콘래드 서울,서울 영등포구 국제금융로 10,02-6137-7000,"발렛주차, 무료 인터넷, 풀, 헬스장/피트니스 센터, 바/라운지, 인터넷 사용이 가능한 비지니스 센터, 콘퍼런스 시설, 스파","아름다운 한강과 도시의 스카이라인이 눈 앞에 펼쳐지는 콘래드 서울에서 꿈꾸던 하루를 경험해보세요. 콘래드 서울은 당신에게 럭셔리 그 이상을 선사할 것입니다.

콘래드 서울은 여의도 비즈니스 지구에 위치하고 있는 서울국제금융센터(IFC서울)를 대표하는 특1급 호텔로, ‘한국의 월스트리트’로 불리는 여의도에 위치한 이점 외에도, 콘래드 서울은 인천과 김포국제공항에서 가장 가까운 럭셔리 호텔입니다. 5호선과 9호선 두 개의 지하철 노선과 버스 환승 센터를 쉽게 이용할 수 있어 서울 시내 및 시외 곳곳으로 접근이 용이하며, 한강의 뛰어난 경치와 광대하게 펼쳐진 도시 스카이라인의 황홀한 풍경을 감상할 수 있습니다.

여의도 최초의 멀티플렉스 영화관, 인터내셔널 스타일 쇼핑몰, 다양한 레스토랑 및 문화 시설이 들어서 있는 IFC서울의 프리미엄 오피스 타워 세 동과 플래그 십 럭셔리를 즐길수 있는 더현대가 함께 자리잡아 비즈니스나 엔터테인먼트 또는 여유로운 휴식을 콘래드 서울에서 즐기실수 있습니다.",37.5253357,126.9265542,1,http://www.conradseoul.co.kr/
115,이비스 스타일 앰배서더 서울 강남,서울 강남구 삼성로 431,02-3011-8888,"호텔 내 호텔 전용 유료 주차장, 무료 초고속 인터넷(Wi-Fi), 헬스장/피트니스 센터, 바/라운지, 어린이 숙박 무료, 공항 교통편, 인터넷 사용이 가능한 비지니스 센터, 콘퍼런스 시설","서울에서 여러분이 원하는 트렌디 호텔(을)를 찾았습니다. 여러분같은 여행자들에게 딱 좋은 이비스 스타일 앰배서더 서울 강남에 오신 것을 환영합니다.

객실은 평면 TV, 냉장고, 에어컨(을)를 제공하고 여러분들이 이 곳에서 지내는 동안 무료 무선 인터넷 이용이 가능하기 때문에 편안히 휴식을 취하며 원하는 정보를 마음껏 검색하실 수 있습니다.

Ibis Hotel Seoul(은)는 24시 프론트 데스크, 컨시어지, 가방 보관(을)를 제공합니다. 거기에 덤으로 이비스 스타일 앰배서더 서울 강남 투숙객으로서 호텔에 있는 사우나, 아침식사(을)를 이용하실 수 있습니다. 차로 오시는 분들은 주차 또한 가능합니다.

강남스타일 말춤 동상(1.5 km), 잠실종합운동장(1.5 km)(와)과 같은 명소들로 인해 Ibis Hotel Seoul(은)는 서울 방문시 지내기 좋은 곳입니다.

서울에 있는 동안 숨카페(1.5 km), 깐부 치킨 삼성점(0.4 km), 뱀부하우스(1.8 km)(을)를 포함한 Ibis Hotel Seoul(으)로부터 도보 거리에 있는 레스토랑에서 드셔보시기 바랍니다.

할 것을 찾고 있다면 봉은사(1.1 km), 선릉과 정릉(1.0 km)(을)를 추천해드리고 이 모두 Ibis Seoul(으)로부터 도보 거리에 위치해 있습니다.

이비스 스타일 앰배서더 서울 강남(은)는 서울의 최고만을 엄선, 선별하여 쉽게 즐길 수 있기 때문에 여러분의 시간이 한결 여유롭고 즐거울 것입니다.",37.5050612,127.0570773,1,http://ibisstyles.ambatel.com/gangnam
116,호텔 카푸치노,서울 강남구 봉은사로 155,02-2038-9500,"무료 초고속 인터넷(Wi-Fi), 온수 욕조, 헬스장/피트니스 센터, 바/라운지, 아동 활동(아동/가족 친화적), 반려동물 허용, 공항 교통편, 인터넷 사용이 가능한 비지니스 센터","여행에 가치를 더하는 어번 라이프 스타일 호텔, 호텔 카푸치노 많은것이 새롭지만 모든것이 매력적인 호텔 카푸치노에서 특별한 시간을 선사합니다.",37.5067961,127.0315248,1,https://hotelcappuccino.co.kr/
117,더 플라자,서울 중구 소공로 119,02-771-2200,"무료 주차, 무료 초고속 인터넷(Wi-Fi), 풀, 헬스장/피트니스 센터, 바/라운지, 공항 교통편, 인터넷 사용이 가능한 비지니스 센터, 콘퍼런스 시설","서울에서 여러분이 원하는 로맨틱 호텔(을)를 찾았습니다. 여러분같은 여행자들에게 딱 좋은 더 플라자에 오신 것을 환영합니다.

청계천(0.8 km), 창덕궁(2.0 km)(와)과 같은 명소들로 인해 더 플라자(은)는 서울 방문시 지내기 좋은 곳입니다.

무료 무선 인터넷은 투숙객들에게 제공되고, 더 플라자 객실에는 평면 TV, 에어컨, 미니바(이)가 구비되어 있습니다.

이 곳에서 지내시는 동안 룸서비스, 컨시어지(을)를 포함한 부대시설의 혜택을 마음껏 누리시기 바랍니다. 더 플라자 투숙객들은 이 곳에서 제공하는 수영장, 아침식사도 언제든지 즐기실 수 있습니다. 차로 오시는 투숙객들은 무료 주차도 가능합니다.

서울에는 이탈리아 요리(이)가 많습니다. 따라서 여기 있는 동안에는 맛있는 메뉴를 선보이는 브레라, 보칼리노, Parmi Italiano(와)과 같은 인기 맛집에서 반드시 드셔보시기 바랍니다.

서울(은)는 또한 인기 폭포들인 용마폭포공원(이)가 자리하고 있는 곳이며 The Plaza Hotel(으)로부터 멀지 않습니다.

더 플라자(은)는 여러분의 서울 방문을 기대하고 환영합니다.",37.5646452,126.9781534,1,https://www.hoteltheplaza.com
118,JW 메리어트 동대문 스퀘어 서울,서울 종로구 청계천로 279,02-2276-3000,"무료 주차, 무료 초고속 인터넷(Wi-Fi), 풀, 헬스장/피트니스 센터, 바/라운지, 게임 룸, 어린이 풀, 인터넷 사용이 가능한 비지니스 센터","JW 메리어트 동대문 스퀘어 서울(JW Marriott Dongdaemun Square Seoul)은 서울의 랜드마크인 한국 보물 1호 흥인지문을 바라보며, 서울의 쇼핑 중심인 동대문에 위치한 럭셔리 부티크 호텔입니다. 스위트 룸 15 개를 포함한 객실 170 개와 대리석 인테리어의 수영장, 클럽 501 휘트니스 센터, 한국 최초의 프로방스 스파 바이 록시땅을 갖추고 있어 편안한 휴식을 즐길 수 있습니다. 고객들은 세계적인 명성을 자랑하는 스테이크하우스 BLT Steak를 비롯해 올 데이 다이닝을 즐길 수 있는 Tavolo 24, The Lounge, Seoul Baking Company, 루프탑 바 The Griffin에서 최고의 미각 여행을 하실 수 있습니다. 그랜드 볼룸에서는 모던한 공간에 첨단 미디어 월(Media Wall)로 성공적인 프레젠테이션 및 기업 연회, 이벤트, 웨딩 등이 가능하며 7개의 다양한 미팅 룸도 준비되어 있습니다. 또한 지하철역과 연결되어 있어 교통편을 쉽게 이용하실 수 있습니다.",37.5704076,127.008782,1,https://www.marriott.co.kr/hotels/travel/seldp-jw-marriott-dongdaemun-square-seoul/
119,이비스 앰배서더 서울 인사동,서울 종로구 삼일대로30길 31,02-6730-1101,"인근 공공 유료 주차장, 무료 초고속 인터넷(Wi-Fi), 헬스장/피트니스 센터, 바/라운지, 인터넷 사용이 가능한 비지니스 센터, 콘퍼런스 시설, 루프탑 테라스, 24시간 보안 서비스","이비스 앰배서더 서울 인사동 호텔은 외국인 관광객이 선호하는 관광 명소인 인사동에 위치해 있으며, 국내외 레저 고객과 비즈니스 고객에게 지역 최고의 숙박시설을 제공합니다. 현대와 전통의 조화로 어우러진 넓고 세련된 디자인의 호텔 로비, 363개의 편안한 객실과 매일 매일 신선한 음식을 제공하는 레스토랑, 비즈니스 센터, 연회 가능한 미팅룸, 체련장, 대욕탕, 고객 라운지 등 다양한 편의 시설을 제공하며, 전 객실에 제공되는 초고속 유/무선 인터넷 서비스, 24시간 리셉션 서비스와 더불어 멋진 전망의 남산과 한옥의 전경을 감상 할 수 있는 야외 옥상 등의 부대시설이 고루 갖추어있습니다. 이비스 앰배서더 인사동 호텔은 글로벌 호텔 서비스와 한국 전통의 상징인 정이 어우러져 고객에게 최상의 가치와 서비스를 제공하도록 최선을 다하겠습니다.",37.5746896,126.9894713,1,http://ibis.ambatel.com/insadong
120,이비스 버젯 앰배서더 서울 동대문,서울 중구 퇴계로 334,02-2160-8888,"주차, 무료 초고속 인터넷(Wi-Fi), 헬스장/피트니스 센터, 아침식사 뷔페, 자동차 렌트, 24시간 보안 서비스, 수하물 보관, 24시간 체크인","합리적인 가격의 고객 중심 서비스를 제공하는 이비스버젯 앰배서더 서울 동대문 호텔은 편리한 샤워 부스, 개별 에어컨, 업무를 위한 데스크, 평면 TV, 미니 냉장고 등이 설비된 195개의 객실과 저렴한 가격의 간단한 아침식사가 가능한 레스토랑이 있습니다. 또한, 인터넷, 사우나, Gym 등을 무료로 즐길 수 있어 비즈니스나 휴가를 위한 고객들에게 딱 맞는 스마트한 비지니스 호텔입니다.",37.564151,127.008726,1,https://www.hotelscombined.co.kr/Hotel/Ibis_Budget_Ambassador_Dongdaemun.htm
121,페어필드 바이 메리어트 서울,서울 영등포구 경인로 870,02-2108-9000,"무료 Wi-Fi, 가족 객실, 금연 객실, 전용 주차, 피트니스 센터, 24시간 프런트 데스크, 장애인 편의시설, 세탁, 엘리베이터, 조식","서울에 위치한 페어필드 바이 메리어트 서울은 피트니스 센터를 운영하고 있습니다. 영등포구에 자리한 이 호텔은 매력적인 입지를 자랑하며, 타임스퀘어에서 1.2km, 신세계 백화점에서 880m 거리에 있습니다.

객실은 책상, 평면 TV, 전용 욕실, 에어컨 및 옷장을 갖추고 있습니다.

페어필드 바이 메리어트 서울에 머무는 동안 비즈니스 센터를 이용하실 수 있습니다. 신문도 제공됩니다. 리셉션에서 직원들이 언제든 투숙객의 용무를 도와드립니다.

여의도 업무지구는 1.2km, 여의도 한강공원은 4.5km, 김포 국제공항은 12km, 인천 국제공항은 52km 거리에 있습니다.",37.5169644,126.909187,1,http://www.marriott.com/selfi
122,"포포인츠 바이 쉐라톤 조선, 서울역",서울 용산구 한강대로 366,02-6070-7000,"무료 Wi-Fi, 가족 객실, 금연 객실, 무료 주차, 레스토랑 2개, 24시간 프런트 데스크, 룸서비스, 모든 객실에 차/커피 메이커 구비, 바, 매우 맛있는 조식","지하도로 서울역과 바로 연결되어 있는 포포인츠 바이 쉐라톤 서울 남산은 레스토랑과 피트니스 센터를 갖추고 있습니다. 호텔은 전역에 무료 Wi-Fi를 제공하며, 내부에 무료 주차장도 마련하고 있습니다. 

각 객실에는 에어컨, 업무용 책상, 안전 금고, 다림질 시설이 제공됩니다. 워크인 샤워가 설치된 전용 욕실에는 목욕 가운과 슬리퍼가 비치되어 있습니다. 무료 욕실용품도 제공됩니다. 

포포인츠 바이 쉐라톤 서울 남산은 24시간 프론트 데스크와 바를 운영합니다. 숙소의 기타 시설로는 투어 데스크와 수하물 보관소 등이 있습니다. 

호텔은 서울역에서 400m 거리에 있으며, 덕수궁과 서울시청에서 지하철 1호선으로 1정거장 떨어져 있습니다. 서울역에서 공항철도 노선 열차를 이용하면 김포 국제공항까지 30분, 인천 공항까지 45분이 소요됩니다. ",37.5511247,126.9729133,1,http://www.marriott.co.kr/selfp
123,"포포인츠 바이 쉐라톤 조선, 서울 명동",서울 중구 삼일대로 10길 36,0507-1467-6004,"Wi-Fi, 가족 객실, 금연 객실, 전용 주차, 피트니스 센터, 레스토랑, 24시간 프런트 데스크, 룸서비스, 바, 매우 맛있는 조식","서울에 자리한 포포인츠 바이 쉐라톤 조선, 서울 명동에서는 피트니스 센터, 전용 주차장, 레스토랑, 바 등을 이용하실 수 있습니다. 숙소는 명동성당에서 6분 거리에 있습니다. 해당 4성급 호텔에는 룸서비스, 24시간 프런트 데스크, 무료 Wi-Fi 등이 완비되어 있습니다. 숙소는 투숙객을 위한 비즈니스 센터, 컨시어지 서비스, 환전 서비스 등을 제공합니다.

포포인츠 바이 쉐라톤 조선, 서울 명동의 객실에는 에어컨, 책상, 안전 금고, 평면 TV 등이 마련되어 있습니다. 전용 욕실에는 비데 등이 구비되어 있습니다. 모든 숙박 옵션에는 식기세척기 등이 마련되어 있습니다.

숙소에서 유럽식, 영국식/아일랜드식 또는 이탈리아식 조식을 즐겨보세요.

숙소 근처에는 명동역, 방산시장, 종묘 등의 주요 명소가 있습니다. 포포인츠 바이 쉐라톤 조선, 서울 명동에서 가장 가까운 공항은 19km 거리에 위치한 김포국제공항입니다.",37.56558996,126.9894543,1,https://www.josunhotel.com/hotel/fpbsMyeongdong.do
124,홀리데이 인 익스프레스 서울 홍대,서울 마포구 양화로 188,02-768-3000,"무료 Wi-Fi, 가족 객실, 금연 객실, 피트니스 센터, 24시간 프런트 데스크, 장애인 편의시설, 엘리베이터, 난방 시설, 하우스키핑 (매일), 수하물 보관소","서울에 위치한 홀리데이 인 익스프레스 서울 홍대는 피트니스 센터, 무료 Wi-Fi 등 다양한 편의 시설을 갖추고 있습니다. 모든 객실에는 평면 위성 TV, 전용 욕실이 구비되어 있습니다. 구내 레스토랑은 미국 요리를 선보입니다.

홀리데이 인 익스프레스 서울 홍대의 각 객실은 책상, 주전자를 갖추고 있으며, 일부 객실에는 도시 전망이 마련되어 있습니다. 냉장고도 제공됩니다.

구내 비즈니스 센터를 이용해보십시오. 일본어와 한국어를 구사하는 리셉션 직원이 지역 관광 정보를 안내해드립니다.

홀리데이 인 익스프레스 서울 홍대는 남대문시장 및 아이파크몰에서 5km 떨어져 있습니다.",37.55773211,126.927088,1,http://www.holidayinnexpress.com/seoul_hongdae
125,포포인츠 바이 쉐라톤 서울 구로,"서울 구로구 디지털로 32, 72",02-6905-9500,"공항 셔틀, 금연 객실, 무료 주차, 피트니스 센터, 레스토랑 4개, 24시간 프런트 데스크, 모든 객실에 차/커피 메이커 구비, 바, 맛있는 조식","구로 디지털밸리의 중심부에 위치한 포포인츠 바이 쉐라톤 서울 구로는 지하철 2호선 구로디지털단지역과 7호선 대림역에서 도보로 약 5~10분 거리에 있어 홍대입구, 신도림, 노량진 수산시장, 코엑스, 성수동, 명동, 동대문, 경복궁, 남산 등으로 편리하게 이동하실 수 있습니다. 또한 금융 허브인 여의도가 가까운 거리에 있어 비즈니스와 관광을 동시에 즐길 수 있는 최적의 입지를 자랑합니다.
호텔은 레스토랑, 바, 커피숍, 피트니스 센터, 비즈니스 센터, 무료 주차장, 24시간 프론트 데스크를 갖추고 있습니다. 머무는 동안 무료 Wi-Fi, 공항 리무진 서비스, 룸서비스, 환전, 드라이클리닝, 다림질 및 세탁 서비스도 이용하실 수 있습니다.
편안한 공간을 자랑하는 객실은 도시의 탁 트인 전망을 제공합니다. 각 객실에는 미니바, 평면 TV, 에어컨, 냉장고, 책상, 헤어드라이어, 무료 세면도구가 마련되어 있습니다. 욕조 또는 샤워 부스도 있습니다. 호텔의 모든 객실에 침대 린넨과 수건이 제공됩니다.
테이블 32는 조식, 점심, 저녁 식사 메뉴를 제공하는 레스토랑입니다. 이곳에서 동양식 및 서양식을 모두 즐기실 수 있습니다. 세계 각지의 요리를 주문할 수 있으며, 라이브 스테이션에서 다양한 스페셜 요리도 준비됩니다. 카페앤바72에서는 음료와 간단한 스낵을 즐기실 수 있습니다.
다양한 레스토랑이 밀집해 있는 깔깔거리와 대림동 차이나타운이 호텔 인근에 있어 중국 본토의 맛은 물론이고 최신 음식 및 문화 트렌드를 쉽게 접하실 수 있습니다. 대형 마트도 인접해 있습니다.
호텔에서 김포 국제공항은 차로 단 30분, 인천 국제공항은 약 45분 거리에 있습니다. 6004번 공항 리무진버스를 타면 호텔 바로 앞까지 쉽게 이동하실 수 있습니다. 인천 국제공항에서 호텔 앞까지 한 번에 이동할 수 있어 편리합니다.",37.4831795,126.8988477,1,https://www.marriott.com/ko/hotels/selfu-four-points-seoul-guro/overview/
126,페어몬트 앰배서더 서울,서울 영등포구 여의대로 108,02-3395-6000,"실내 수영장, 무료 Wi-Fi, 금연 객실, 무료 주차, 피트니스 센터, 스파/웰빙, 레스토랑 2개, 24시간 프런트 데스크, 바, 최고의 조식","서울에 자리한 페어몬트 앰배서더 서울에서는 피트니스 센터, 무료 전용 주차장, 레스토랑, 바 등을 이용하실 수 있습니다. 숙소는 영등포역에서 3km 거리에 있습니다. 해당 5성급 호텔에는 24시간 프런트 데스크, ATM(현금 지급기), 무료 Wi-Fi 등이 완비되어 있습니다. 숙소는 홍익대학교에서 5.2km, 시내 중심부에서 300m 거리에 있습니다.

페어몬트 앰배서더 서울에서 매일 미국식 조식을 드셔보세요.

숙소에서는 실내 수영장 등이 마련된 5성급 객실을 이용하실 수 있습니다.

페어몬트 앰배서더 서울에서 5.7km 거리에는 이화여자대학교, 5.8km 거리에는 홍대입구역 등의 명소가 있습니다. 페어몬트 앰배서더 서울에서 가장 가까운 공항은 13km 거리에 위치한 김포국제공항입니다.",37.5252396,126.9290609,1,http://www.fairmont-seoul.com
127,더 가든 호텔,서울 종로구 돈화문로11나길 63,02-744-3525,"무료 Wi-Fi, 공항 셔틀, 가족 객실, 금연 객실, 장애인 편의시설, 세탁, 테라스, 엘리베이터, 난방 시설, 정원","서울에 자리한 더 가든 호텔에서는 3성급 객실과 공용 라운지, 테라스 등의 시설을 이용하실 수 있습니다. 이 3성급 호텔에서는 에어컨, 무료 Wi-Fi가 완비된 객실과 정원 등을 제공합니다. 각 객실에는 전용 욕실이 마련되어 있습니다. 종묘에서 3분 거리에 있는 이 숙소에서는 항알레르기 이용이 가능합니다.

더 가든 호텔의 각 객실에는 다음이 갖추어져 있습니다: 책상, 평면 TV. 숙소의 모든 객실에는 침대 린넨, 수건 등이 마련되어 있습니다.

더 가든 호텔에서는 팩스 및 복사 등의 비즈니스 서비스를 비롯해 세탁 서비스도 제공합니다.

더 가든 호텔 근처에는 창덕궁, 광장시장, 조계사 등의 주요 명소가 있습니다. 숙소에서 가장 가까운 공항은 19km 거리에 있는 김포국제공항입니다. 숙소에서 제공하는 유료 공항 셔틀 서비스 이용이 가능합니다.",37.5752091,126.9894139,1,
128,라까사 호텔 서울,서울 강남구 도산대로 1길 83,02-6711-9000,"무료 Wi-Fi, 금연 객실, 주차장 (숙소 부지 내), 피트니스 센터, 레스토랑, 24시간 프런트 데스크, 룸서비스, 장애인 편의시설, 바, 조식","호텔 라까사 가로수길은 서울의 디자이너 부티크 숙박 시설로, 지하철 3호선 신사역에서 도보로 단 10분 거리에 있습니다. 집처럼 아늑한 분위기의 이 호텔은 2개의 멋진 레스토랑, 현대적인 피트니스센터, 객실 내 무료 Wi-Fi/유선 인터넷을 제공합니다.

호텔은 세련된 레스토랑들이 자리한 가로수길에서 도보로 10분, 한강에서 도보로 단 3분 거리에 있습니다. 고급 명품점이 있는 청담동은 약 2.2km 떨어져 있으며, 차로 7분 이내에 이동 가능합니다.

 라까사 가로수길의 우아한 객실은 평면 TV, iPod 도킹 스테이션, 차/커피를 갖추고 있습니다. 대형 실내 욕실에는 욕조 또는 샤워 시설이 마련되어 있습니다.

이 호텔은 24시간 프런트 데스크와 큰 창문이 있는 아름답게 디자인된 비즈니스 센터를 갖추고 있습니다. 투숙객의 편의를 위해 세탁, 드라이클리닝, 다림질 서비스도 제공합니다. 피트니스센터도 무료로 이용 가능합니다.

유럽풍의 까사밀 레스토랑에서는 캐주얼한 식사를 즐기실 수 있습니다. 매일 갓 구운 빵과 커피를 드실 수 있는 제과점도 자리해 있으며, 룸서비스도 마련되어 있습니다.",37.5221247,127.0194875,1,http://www.hotellacasa.kr/
129,힐튼 가든 인 서울 강남,서울 서초구 강남대로 253,02-580-8500,"야외 수영장, 무료 Wi-Fi, 가족 객실, 금연 객실, 피트니스 센터, 레스토랑, 24시간 프런트 데스크, 장애인 편의시설, 바, 매우 맛있는 조식","서울에 자리한 힐튼 가든 인 서울 강남에서 머물러보세요. 숙소는 계절에 따라 운영되는 야외 수영장, 피트니스 센터, 레스토랑, 바 등을 갖추고 있습니다. 해당 4성급 호텔에는 24시간 프런트 데스크, 비즈니스 센터, 무료 Wi-Fi 등이 완비되어 있습니다. 숙소는 투숙객을 위한 컨시어지 서비스, 환전 서비스 등을 제공합니다.

힐튼 가든 인 서울 강남의 각 객실에는 다음이 갖추어져 있습니다: 책상, TV, 전용 욕실, 침대 린넨, 수건. 모든 숙박 옵션에는 냉장고 등이 마련되어 있습니다.

숙소에서 유럽식, 미국식 또는 아시아식 조식을 즐겨보세요.

숙소에서 19분 거리에는 강남역, 5.2km 거리에는 코엑스 등의 명소가 있습니다. 힐튼 가든 인 서울 강남에서 가장 가까운 공항은 24km 거리에 위치한 김포국제공항입니다.",37.485933,127.032766,1,https://hiltongardeninn.hilton.co.kr/hotel/seoul/hilton-garden-inn-seoul-gangnam
130,"조선 팰리스 서울 강남, 럭셔리 컬렉션 호텔",서울 강남구 테헤란로 231,02-727-7200,"실내 수영장, 무료 Wi-Fi, 가족 객실, 금연 객실, 주차장 (숙소 부지 내), 피트니스 센터, 레스토랑 4개, 모든 객실에 차/커피 메이커 구비, 바, 매우 맛있는 조식","서울에 자리한 조선 팰리스 서울 강남, 럭셔리 컬렉션 호텔에서는 5성급 객실을 제공합니다. 숙소는 강남역에서 19분 거리, 코엑스에서 2.7km 거리에 있습니다. 이 5성급 호텔에서는 에어컨, 무료 Wi-Fi가 완비된 객실과 바 등을 제공합니다. 숙소는 투숙객을 위한 룸서비스, 24시간 프런트 데스크, 환전 서비스 등을 제공합니다.

조선 팰리스 서울 강남, 럭셔리 컬렉션 호텔의 각 객실에는 옷장 등이 마련되어 있습니다. 숙소의 일부 객실은 도시 전망을 갖추고 있으며, 각 객실에는 커피 머신 등이 마련되어 있습니다. 조선 팰리스 서울 강남, 럭셔리 컬렉션 호텔의 객실에는 평면 TV, 무료 세면도구 등이 마련되어 있습니다.

숙소에서 매일 유럽식, 미국식 또는 아시아식 조식을 즐겨 조선 팰리스 서울 강남, 럭셔리 컬렉션 호텔의 레스토랑에서 미국식, 광둥식, 중국식 요리를 즐겨보세요. 채식 메뉴도 요청이 가능합니다.

숙소에서는 실내 수영장 등이 마련된 5성급 객실을 이용하실 수 있습니다.

조선 팰리스 서울 강남, 럭셔리 컬렉션 호텔에서 3.3km 거리에는 봉은사, 8.4km 거리에는 신라면세점 본점 등의 명소가 있습니다. 조선 팰리스 서울 강남, 럭셔리 컬렉션 호텔에서 가장 가까운 공항은 24km 거리에 위치한 김포국제공항입니다.",37.5027967,127.0414103,1,https://jpg.josunhotel.com/main.do
131,딜라이트 호텔 잠실,서울 송파구 오금로11길 21-9,0507-1403-1263,"무료 Wi-Fi, 공항 셔틀, 가족 객실, 금연 객실, 무료 주차, 레스토랑, 24시간 프런트 데스크, 모든 객실에 차/커피 메이커 구비, 바, 매우 맛있는 조식","서울에 자리한 딜라이트 호텔 잠실에서는 무료 자전거, 무료 전용 주차장, 공용 라운지, 테라스 등을 이용하실 수 있습니다. 숙소는 문정동 로데오 거리에서 3.8km 거리에 있습니다. 숙소에는 미국식 요리를 선보이는 레스토랑뿐 아니라 바도 마련되어 있습니다. 숙소에는 24시간 프런트 데스크, 공항 교통편, 룸서비스, 무료 Wi-Fi 등이 마련되어 있습니다.

딜라이트 호텔 잠실의 객실에는 주전자 등이 갖춰져 있습니다. 각 객실에는 에어컨, 평면 TV 등이 마련되어 있습니다. 숙소의 일부 객실에는 안전 금고가 구비되어 있습니다. 딜라이트 호텔 잠실의 모든 객실에는 침대 린넨, 수건 등이 마련되어 있습니다.

숙소에서 영국식/아일랜드식, 미국식 또는 채식 조식을 즐겨보세요.

투숙객은 비즈니스 센터에서 업무를 보거나 스낵 바에서 휴식을 취할 수 있습니다.

딜라이트 호텔 잠실에서 5.1km 거리에는 코엑스, 5.3km 거리에는 봉은사 등의 명소가 있습니다. 숙소에서 가장 가까운 공항은 32km 거리에 위치한 김포국제공항입니다.",37.5153914,127.109322,1,https://delighthotel.modoo.at
132,MG 호텔,서울 종로구 청계천로 63-3,0507-1382-8867,"무료 Wi-Fi, 공항 셔틀, 가족 객실, 금연 객실, 전용 주차, 레스토랑, 24시간 프런트 데스크, 룸서비스, 모든 객실에 차/커피 메이커 구비, 바","서울에 자리한 MG 호텔에서는 컨시어지 서비스, 항알레르기 객실, 레스토랑, 무료 Wi-Fi, 바 등을 제공합니다. 숙소는 조계사에서 1km 내 거리에 있습니다. 해당 2성급 호텔에는 룸서비스, 24시간 프런트 데스크 등이 완비되어 있습니다. 구내에는 전용 주차장이 마련되어 있습니다.

MG 호텔의 각 객실에는 에어컨, 휴식 공간, 위성 채널을 갖춘 평면 TV, 안전 금고 등이 마련되어 있습니다. 전용 욕실에는 비데, 무료 세면도구, 헤어드라이어 등이 구비되어 있습니다. 각 객실에는 주전자 등이 마련되어 있으며, 일부 객실에는 파티오가 있습니다. 어떤 객실에서는 도시 전망을 감상하실 수 있습니다. 객실에는 냉장고 등이 마련되어 있습니다.

투어 데스크, 렌터카 서비스가 제공됩니다. 비즈니스 센터에는 팩스기, 복사기 등이 마련되어 있습니다.

숙소 근처에는 동화면세점, 명동성당, 종묘 등의 주요 명소가 있습니다. MG 호텔에서 가장 가까운 공항은 18km 거리에 있는 김포국제공항입니다. 숙소에서 제공하는 유료 공항 셔틀 서비스 이용이 가능합니다.",37.5689365,126.9847946,1,https://jnmghotel.modoo.at
133,더퍼스트 스테이 호텔,서울 강서구 마곡동로 4길 23,0507-1488-8308,"무료 Wi-Fi, 가족 객실, 금연 객실, 무료 주차, 24시간 프런트 데스크, 장애인 편의시설, 엘리베이터, 난방 시설, 하우스키핑 (매일), 수하물 보관소","서울에 위치한 호텔 루체브릿지는 구내 레스토랑을 갖추고 있습니다. 호텔의 모든 객실에서 무료 Wi-Fi를 이용하실 수 있습니다.

모든 객실은 에어컨, 주전자, 평면 위성 TV를 완비하고 있습니다. 전용 욕실에는 비데, 샤워 시설, 헤어드라이어, 무료 세면도구가 마련되어 있습니다.

휠체어 이용이 가능한 호텔로 24시간 프런트 데스크를 운영합니다.

호텔 루체브릿지는 서울의 유명 관광지인 마리오아울렛과 노량진수산물도매시장에서 11km 미만의 거리에 있습니다. 가장 가까운 공항은 숙소에서 3km 떨어진 김포국제공항입니다.",37.55966994,126.8362056,1,https://firststayhotel.com/
134,파로스호텔,서울 송파구 올림픽로10길 5,02-417-2700,"무료 Wi-Fi, 가족 객실, 무료 주차, 장애인 편의시설, 엘리베이터, 난방 시설, 하우스키핑 (매일), 수하물 보관소, 모든 객실에 차/커피 메이커 구비, 조식","지하철 2호선 잠실새내역에서 불과 400m 떨어진 편리한 위치에 자리한 파로스호텔은 구내 레스토랑을 보유하고 있으며, 전 구역에서 무료 Wi-Fi를 제공합니다.

파로스호텔의 각 객실은 평면 TV, 휴식 공간, 업무 공간을 갖추고 있습니다. 실내 욕실에는 욕조, 샤워 시설, 헤어드라이어가 마련되어 있습니다.

호텔의 24시간 프런트 데스크에서 세탁, 드라이클리닝, 수하물 보관 서비스를 이용하실 수 있습니다. 투숙객은 비즈니스 센터 시설도 이용 가능합니다.

파로스호텔의 구내 레스토랑에서는 매일 조식 뷔페를 제공합니다. 호텔에서 도보로 3분 거리에도 현지 음식을 맛볼 수 있는 다양한 레스토랑과 노점상이 모여 있습니다.

파로스호텔는 인기 있는 롯데월드 테마파크와 롯데백화점, 코엑스 컨벤션 센터 및 쇼핑몰에서 차로 5분 이내 거리에 있습니다. 인천국제공항까지의 거리는 75km입니다.",37.5111111,127.0811463,1,https://be4.wingsbooking.com/PHAROS1111
135,호텔 더 디자이너스 LYJ 강남 프리미어,서울 강남구 봉은사로 113,0507-1446-4000,"무료 Wi-Fi, 금연 객실, 주차장 (숙소 부지 내), 레스토랑, 24시간 프런트 데스크, 장애인 편의시설, 세탁, 엘리베이터, 바, 조식","호텔 더 디자이너스 리즈 강남 프리미어는 신논현역에서 도보로 2분 거리에 있으며, 코엑스 컨벤션 센터에서 3km 떨어져 있습니다. 호텔은 무료 Wi-Fi를 갖춘 현대적인 객실을 제공하며, 레스토랑과 바, 전용 주차장도 운영하고 있습니다.

이 현대적인 건물은 강남역에서 1km. 청담동, 세븐 럭 카지노 서울 강남점 및 코엑스몰에서 3km, 김포 국제공항에서 21km 떨어져 있습니다.

간소하게 꾸며진 객실은 에어컨, 중앙난방시설, 냉장고, 평면 TV를 갖추고 있습니다. 슬리퍼, 목욕 가운 및 무료 세면도구도 제공됩니다.

24시간 프론트 데스크에서 드라이클리닝와 팩스/복사 서비스를 추가 요금으로 이용하실 수 있습니다.

숙소 내 레스토랑인 자르뎅 드 리즈에서는 미국식 조식을 제공합니다. 점심 식사로 현지 요리를 즐기실 수 있습니다. 도보로 약 5분 거리에 현지인들이 즐겨 찾는 다양한 레스토랑이 밀집해 있습니다.",37.5052828,127.0258988,1,http://www.designersgangnam.com/
136,Daljee Guesthouse,"서울 종로구 종로17길 46 2층, 3층",0507-1369-1974,"무료 Wi-Fi, 세탁, 난방 시설, 수하물 보관소, 에어컨","달지 게스트하우스는 서울에 위치한 숙소입니다. 숙소에는 테라스와 수하물 보관소가 있습니다.

객실은 무료 Wi-Fi와 에어컨, 평면 TV를 갖추고 있습니다. 전용 욕실에는 헤어드라이어와 무료 세면도구가 구비되어 있습니다.

달지 게스트하우스는 종로 3가 지하철역에서 400m, 인천국제공항에서 60km 떨어져 있습니다",37.572189,126.9883692,1,https://www.instagram.com/daljee_guesthouse
22,그랜드 하얏트 인천,인천 중구 영종해안남로321번길 208,032-745-1234,"주차, 무료 초고속 인터넷(Wi-Fi), 풀, 헬스장/피트니스 센터, 바/라운지, 어린이 숙박 무료, 키즈 클럽, 무료 공항 교통편","인천공항에서 가장 가까운 대규모 특급 호텔 그랜드 하얏트 인천은 인천국제공항 바로 옆에 위치해 있어 편리하게 비행기를 이용하기 위해 머물거나, 여행으로 인한 피곤을 풀고 또 다른 여행을 준비하기에 좋은 곳입니다. 주말과 연휴에 가족과 함께 짧은 여행을 계획하거나, 커플의 로맨틱한 여행 또는 허니문으로 이용하기에도 좋은 호텔입니다. 또한 세계로 뻗어나가는 관문인 인천국제공항을 비롯하여 국제무역의 중심인 송도 컨벤시아와도 30분 이내의 거리에 위치해 있고, 다양한 종류의 음식과 레크리에이션 시설들 그리고 특색 있는 다양한 회의실 및 연회장을 갖추고 있어 국제적 규모의 비즈니스 행사를 진행할 수 있는 최적의 조건을 가지고 있습니다. 그랜드 하얏트 인천의 특별함 • 웅장한 규모의 호텔: 전 세계에서 하얏트 호텔 중 북미 다음으로 가장 큰 규모, 야외 행사장을 포함한 다양한 연회장, 레크리에이션과 음식에 대한 폭 넓은 선택 • 편안한 여행의 시작: 전 세계 어디로든 쉽게 떠날 수 있는 교통의 요지인 인천국제공항에서 3분 거리에 위치 • 웅장하고 다양한 크기의 미팅 공간: 2개의 대규모 볼룸과 멋진 야외 공간을 포함하여 총 4,566평에 달하는 26개의 연회 공간 • 재충전과 휴식: 모든 것이 갖추어진 최첨단 운동 시설, 3개의 온수 실내 수영장, 야생화 정원의 산책로에서 즐기는 재충전과 휴식의 시간 • 기억에 남을 가족휴가: 계절마다 다른 테마의 특색 있는 어린이 액티비티, 수심 60cm 에서 110cm, 길이 15m 의 어린이 수영장에서 만드는 환상적인 가족 휴가",37.4404925,126.4574508,2,https://www.hyatt.com/ko-KR/hotel/south-korea/grand-hyatt-incheon/inche
23,오크우드 프리미어 인천,"인천 연수구 컨벤시아대로 165
",032-726-2001,"무료 주차, 무료 초고속 인터넷(Wi-Fi), 온수 욕조, 헬스장/피트니스 센터, 바/라운지, 어린이 숙박 무료, 아동 활동(아동/가족 친화적), 무료 셔틀 또는 택시 서비스","세계적으로 가장 신뢰 받는 서비스 레지던스 제공업체 오크우드 월드와이드의 일원인 오크우드 프리미어 인천은 동북아시아의 떠오르는 경제허브인 인천자유경제구역 송도 국제업무단지의 중심부에 위치해 있습니다. 인천국제공항에서 20여분 거리의 편안한 위치에 자리잡은 오크우드 프리미어 인천은 송도 국제도시의 랜드마크이자 국내 최고층 빌딩인 동북아무역타워(NEATT)의 상층부에 위치해 최고의 전망을 자랑하며 비지니스를 위한 송도 컨벤시아, 국제업무지구, 바이오 연구단지는 물론 롯데몰, 잭 니클라우스 골프클럽, 인천 아트센터, 센트럴파크, 해돋이 공원 등과 같은 문화시설과 인접해 더욱 편리합니다. 오크우드 프리미어 인천은 스튜디오, 1~4베드룸과 펜트하우스까지 총 423개의 스위트급 레지던스 객실로 이루어져 있으며 특급 호텔식 서비스를 주방 및 다양한 시설이 구비된 아파트먼트에 접목시켜 레지던스의 특징은 물론 특1급 호텔 최고의 구성을 갖추고 있습니다. 모던한 분위기의 여유로운 공간과 유명 디자이너의 가구배치로 편안한 주거와 사무업무가 동시에 가능한 레지던스는 초고속 인터넷 서비스를 기본으로 제공하고, 최고급 대형 LED TV, 홈시어터와 오디오 시스템을 구비하고 있으며 여유로운 주방공간과 차별화된 고급 조리기구 및 식기류, 최신 대형 냉장고, 식기 세척기, 전자레인지, 최신식 드럼형 세탁기와 건조기, 다리미 등이 모든 객실에 완비되어 있습니다. 또한, 레스토랑, 비즈니스 센터, 미팅룸, 피트니스 센터, 어린이 놀이방 등의 부대시설은 물론, 일일 객실 정비 서비스, 24시간 운영 프론트, 룸서비스 등의 최고급 호텔 서비스를 함께 제공하고 있습니다.",37.389264,126.644207,2,http://www.oakwoodpremier.co.kr/opi/
24,쉐라톤 그랜드 인천 호텔,"인천 연수구 컨벤시아대로 153",032-835-1000,"무료 주차, 무료 인터넷, 풀, 헬스장/피트니스 센터, 바/라운지, 자전거 대여, 공항 교통편, 콘퍼런스 시설","동북아 비즈니스의 허브도시, 인천경제 자유구역 송도의 중심부에 위치한 쉐라톤 그랜드 인천 호텔은 지정 학적 위치와 첨단 인프라로 비즈니스뿐만 아니라 다양한 문화와 휴양까지 즐길 수 있는 랜드마크로 자리잡고 있습니다. 또한 인천국제공항과 수도권을 연결하는 중심부에 위치하고 있어 편리한 접근성과 컨벤션 센터와의 근접성 등으로 국제적인 기업회의 및 컨퍼런스를 위한 최적의 장소로서 비즈니스 고객들에게 편의를 제공하고 있습니다. 최고급 시설과 서비스 외에도 국내 최대이자 세계 5위를 자랑하는 사장교인 ‘인천대교’의 야경과 ‘센트럴 파크’에서의 휴식까지 만나보실 수 있는 쉐라톤 인천 호텔과 함께 하시면 특별합니다.",37.3902477,126.6455026,2,https://www.marriott.co.kr/hotels/travel/selgi-sheraton-grand-incheon-hotel/
25,네스트호텔,인천 중구 영종해안남로 19-5,032-743-9000,"무료 주차, 무료 초고속 인터넷(Wi-Fi), 인피니티 풀, 헬스장/피트니스 센터, 바/라운지, 아동 활동(아동/가족 친화적), 무료 공항 교통편, 인터넷 사용이 가능한 비지니스 센터","대한민국 최초의 디자인호텔스 멤버로 채택이 된 네스트호텔 인천은, 햇살의 동선까지 고려하여 외관부터 룸 안의 작은 것 하나하나까지 직접 제작하였습니다. 전 객실의 발코니에서 바다와 산의 넓은 풍경을 즐기실 수 있습니다. 또한 모든 객실에는 LCD TV와 개인 디바이스와 연동이 가능한 블루투스 스피커 등으로 AV 시스템을 완비하였습니다.

복잡한 도시를 떠나와서 자신만의 은신처에서 진정한 휴식을 즐기실 수 있도록, 레스토랑은 모든 객석에서 일몰과 일출을 보실 수 있도록 계단형으로 설계되었으며, 한 켠에 모던한 바가 마련된 쿤스트라운지에는 1000여권의 예술서적과 전시회를 감상하실 수 있습니다. 또한 영화관과 노천탕, 다양한 기구가 마련된 피트니스에서는 복싱과 요가도 즐기실 수 있습니다.

주변 시설의 sky72에서 골프와 도심을 떠나 BMW드라이빙 센터에서 시원한 질주를, 가족과 함께 해수욕과 글램핑 등을 즐기실 수 있습니다.",37.4251075,126.4279437,2,https://www.nesthotel.co.kr
26,자우리호텔 인천송도점,인천 연수구 능허대로179번길 56 인천송도 자우리호텔,032-831-5733,"무료 Wi-Fi, 무료 주차, 가족 객실, 금연 객실, 24시간 프런트 데스크, 장애인 편의시설, 모든 객실에 차/커피 메이커 구비","인천에 자리한 자우리호텔 인천송도점에서는 차량으로 오는 투숙객을 위한 무료 전용 주차장뿐 아니라 공용 라운지, 무료 Wi-Fi도 제공합니다. 숙소는 녹색기후기금에서 4.3km, 송도 컨벤시아에서 4.6km 거리에 있습니다. 숙소는 인천역에서 8.5km, 인천 아시안 게임 주경기장에서 17km, 공항화물청사역에서 24km 거리에 있습니다. 숙소는 투숙객을 위한 공용 주방, 24시간 프런트 데스크, 수하물 보관소 서비스 등을 제공합니다.

숙박 옵션에는 에어컨, 위성 채널을 갖춘 평면 TV, 냉장고, 주전자, 샤워 시설, 무료 세면도구, 책상 등이 완비되어 있습니다. 자우리호텔 인천송도점의 모든 객실에는 헤어드라이어, 슬리퍼 등을 갖춘 전용 욕실이 구비되어 있습니다.

숙소에서 28km 거리에는 가산디지털단지, 28km 거리에는 가산디지털단지역 등의 명소가 있습니다. 자우리호텔 인천송도점에서 가장 가까운 공항은 27km 거리에 위치한 김포국제공항입니다.",37.4192885,126.6517267,2,https://blog.naver.com/jawoori032
72,신라스테이 울산,울산 남구 삼산로 200,052-901-9000,"금연 객실, 피트니스 센터, 레스토랑, 전용 주차, 무료 Wi-Fi, 장애인 편의시설, 가족 객실, 모든 객실에 차/커피 메이커 구비, 바, 매우 맛있는 조식","울산 버스터미널과 롯데 백화점에서 약 1km 거리에 있는 신라 스테이 울산은 구내 카페, 호텔 바 및 24시간 프런트 데스크를 보유하고 있습니다. 호텔 전 구역에서는 무료 Wi-Fi 이용이 가능합니다.

모든 객실은 도시 전망을 자랑하며, 에어컨, 책상, 케이블 채널을 시청할 수 있는 평면 TV, 전기 주전자를 갖추고 있습니다. 냉장고, 커피/차 및 개인 사물함도 제공됩니다. 실내 욕실에는 샤워 부스가 설치되어 있으며, 목욕 가운, 슬리퍼, 무료 세면도구도 구비되어 있습니다.

호텔의 공용 공간에는 비즈니스 센터와 컨퍼런스룸이 마련되어 있습니다. 추가 요금으로 LCD 프로젝터, 유선 인터넷, 플립 차트도 이용 가능합니다. 다림질, 세탁 및 드라이클리닝 서비스도 유료로 이용하실 수 있습니다.

조식은 투숙객의 식사 계획에 따라 호텔 레스토랑에서 제공됩니다.

신라 스테이 울산에서 울산 공항이 8.7km, 울산 KTX 역은 21km 거리에 있습니다.",35.5374851,129.3292576,7,http://www.shillastay.com/ulsan
73,롯데호텔 울산,울산 남구 삼산로 282,052-960-1000,"실내 수영장, 금연 객실, 피트니스 센터, 레스토랑, 무료 주차, 무료 Wi-Fi, 장애인 편의시설, 바, 매우 맛있는 조식","롯데호텔울산은 울산 남구에 위치해 있으며, 서울에서 항공편으로 50분이 소요됩니다. 호텔은 객실 내 평면 TV, 실내 수영장, 레스토랑 2곳을 갖추고 있습니다.

에어컨이 완비된 객실에는 업무용 책상, 개인 금고, 커피/차가 마련되어 있습니다. 무료 생수가 제공됩니다.

호텔에 피트니스 센터와 비즈니스 센터가 있습니다. 세탁 서비스와 환전 서비스도 이용 가능합니다.

베네치아 레스토랑은 이탈리아 요리를 선보입니다. 페닌슐라 레스토랑에서는 세계 각국의 요리로 구성된 뷔페를 즐기실 수 있습니다. 중식당 도림에서는 중국 요리를 드실 수 있습니다. 숙소 내에 바도 자리해 있습니다.

롯데호텔울산에서 김해 국제공항은 약 54km 떨어져 있습니다.",35.5384496,129.3383353,7,https://www.lottehotel.com/ulsan-hotel/ko.html
74,머큐어 앰배서더 울산,울산 북구 강동산하2로 7,052-980-1101,"금연 객실, 스파/웰빙, 피트니스 센터, 해변, 무료 Wi-Fi, 무료 주차, 레스토랑, 장애인 편의시설, 가족 객실, 우수한 조식","울산의 강동해변 앞에 위치한 머큐어 앰배서더 울산은 바다 전망을 갖춘 친환경 객실을 보유하고 있습니다. 이 호텔은 131개의 객실을 지니고 있으며, 올데이 다이닝 레스토랑을 운영합니다. 숙소 내에서 무료 Wi-Fi와 무료 주차장을 이용하실 수 있습니다.

모든 객실에는 에어컨, 주전자, 책상, 평면 TV가 마련되어 있습니다. 전용 욕실에는 헤어드라이어와 무료 세면도구가 비치되어 있습니다.

매일 아침 숙소에서 유럽식 조식과 조식 뷔페를 즐겨보세요. 구내 레스토랑에서는 바비큐 그릴 요리를 맛보실 수 있습니다. 요청 시 비건 메뉴를 준비해드립니다.

기타 편의시설로는 사우나, 피트니스 센터, 마사지 숍을 비롯해 최대 250명까지 수용 가능한 연회장이 있습니다. 호텔에서 24시간 프런트 데스크, 룸서비스, 환전 서비스도 이용하실 수 있습니다.

머큐어 앰배서더 울산에서 울산시청 햇빛광장, 대왕암공원, 울산문화예술회관은 20km 이내의 거리에 있습니다. 현대자동차 울산공장, 현대중공업 울산공장, 친환경 도시공원인 울산대공원이 차로 약 20분 거리에 있습니다. 울산공항까지는 차로 고작 20분이 소요됩니다.",35.6259898,129.4414551,7,http://mercureulsan.com
75,롯데시티 호텔 울산,울산 남구 삼산로 204,052-990-1000,"금연 객실, 피트니스 센터, 레스토랑, 무료 주차, 무료 Wi-Fi, 장애인 편의시설, 바, 맛있는 조식","울산에 자리 잡고 있는 롯데 시티 호텔은 현대적인 인테리어를 갖춘 세련된 객실을 보유하고 있습니다. 5층에 있는 피트니스 센터를 무료로 이용할 수 있습니다. 구내 레스토랑은 뷔페식 식사를 제공합니다. 무료 주차장이 마련되어 있으며, 숙소 전 구역에서 무료 Wi-Fi 이용이 가능합니다.

호텔의 모든 객실은 에어컨과 평면 TV를 갖추고 있습니다. 일부 스위트룸에는 휴식을 취할 수 있는 휴식 공간이 마련되어 있습니다. 객실에 딸린 전용 욕실에는 무료 세면도구와 슬리퍼가 제공됩니다.

24시간 프런트 데스크에서 무료 수하물 보관소, 환전 및 일간지 서비스를 제공해드립니다. 호텔 구내에는 투숙객의 편의를 위해 동전 투입식 세탁 시설도 마련되어 있습니다.

구내 레스토랑에서 06:30~10:00에 추가 요금으로 조식을 즐겨보십시오. 레스토랑은 점심과 저녁 식사 시간에도 영업합니다. 지상층에 있는 라운지에서 신선한 커피 또는 알코올 음료를 드셔도 좋습니다.

가장 가까운 공항인 김해 공항은 호텔에서 53km 떨어져 있습니다.",35.5375345,129.3296123,7,https://www.lottehotel.com/ulsan-city/ko.html
76,울산 애쉬튼 호텔,울산 남구 중앙로213번길 8 (신정동),052-265-6081,"야외 수영장, 금연 객실, 레스토랑, 무료 주차, 무료 Wi-Fi, 장애인 편의시설, 바, 맛있는 조식","울산에 자리한 울산 애쉬튼 호텔에서는 레스토랑, 무료 전용 주차장, 바 등을 이용하실 수 있습니다. 숙소는 석굴암에서 37km 거리에 있습니다. 해당 3성급 호텔에는 비즈니스 센터, 수하물 보관소, 무료 Wi-Fi 등이 완비되어 있습니다. 경주월드에서 39km 거리에 있는 이 숙소에서는 금연실 이용이 가능합니다.

울산 애쉬튼 호텔의 객실에는 에어컨, 책상, 주전자, 냉장고, 안전 금고, 평면 TV 등이 마련되어 있습니다. 전용 욕실에는 비데 등이 구비되어 있습니다.

숙소에서 미국식 또는 아시아식 조식을 즐겨보세요.

울산 애쉬튼 호텔에서 41km 거리에는 부산 종합 버스 터미널, 45km 거리에는 범어사 등의 명소가 있습니다. 울산 애쉬튼 호텔에서 가장 가까운 공항은 7km 거리에 위치한 울산공항입니다.",35.539864,129.31107,7,http://ashtonhotel.co.kr/
61,웨스틴 조선 부산,부산 해운대구 동백로 67 Haeundae,051-749-7000,"무료 주차, 바/라운지,인터넷 사용이 가능한 비지니스 센터,무료 초고속 인터넷(Wi-Fi),24시간 보안 서비스,택시 서비스,콘퍼런스 시설,수하물 보관","웨스틴 조선 부산에 오신 것을 환영합니다! 여러분의 ""제 2의 집""인 부산 호텔에서는 여러분의 시간이 집처럼 편안하도록 다양한 부대시설을 제공합니다.

G해운대 영화의거리(0.5 km), 청사포(0.5 km)(와)과 같은 인기 명소와 가깝기 때문에, Westin Busan 숙박 고객들은 부산에서 가장 잘 알려진 관광명소들을 손 쉽게 경험할 수 있습니다.

투숙객실은 평면 TV, 미니바, 에어컨(을)를 구비하고 있고, 호텔(이)가 제공하는 무료 무선 인터넷으로 인터넷을 마음껏 이용하실 수 있습니다.

Busan Westin는 여러분의 시간을 좀 더 편하게 해 줄 24시 프론트 데스크, 컨시어지, 룸서비스 또한 제공합니다. 게다가, 수영장, 라운지 또한 제공하고 있으니 언제든지 이용하시기 바랍니다. Westin Busan에 차로 오시는 분들은 무료 주차도 가능하니 부담없이 차를 가져오시기 바랍니다.

새우 요리(을)를 먹어보고 싶은 여행객들은 스시 베리(을)를 추천합니다. 다른 메뉴를 원한다면 아시아 요리인 더파티 해운대점, 스시 베리 또는 원조전복죽(을)를 추천합니다.

부산(은)는 동백섬, 이기대도시자연공원, APEC나루공원(을)를 포함한 멋진 공원들로 알려져 있고, Busan Westin(으)로부터도 멀지 않습니다.

웨스틴 조선 부산(은)는 부산의 최고만을 엄선, 선별하여 쉽게 즐길 수 있기 때문에 여러분의 시간이 한결 여유롭고 즐거울 것입니다.",35.1560261,129.153971,6,https://www.josunhotel.com/hotel/westinBusan.do
62,이비스 앰배서더 부산 시티센터,부산 부산진구 중앙대로777,051-930-1100,"무료 주차,풀, 바/라운지,엔터테인먼트 담당 직원,무료 초고속 인터넷(Wi-Fi),헬스장/피트니스 센터,해변, 인터넷 사용이 가능한 비지니스 센터","우리 모두 지친 육신을 잠시 쉬어갈 곳이 필요합니다. 부산(을)를 방문하는 여행객들에게 휴식과 회복에 이비스 앰배서더 부산 시티센터보다 더 좋은 곳은 없습니다. 패밀리 한 분위기와 맛집 및 명소들로부터 가까운 걸로 유명한 이비스 앰배서더 부산 시티센터(은)는 부산의 매력을 쉽게 발견할 수 있게 해줍니다.

이비스 앰배서더 부산 시티센터(은)는 객실 내에 평면 TV, 냉장고, 에어컨(이)가 구비되어 있는 패밀리 호텔로 여기서 지내시는 동안 투숙객에게 제공되는 무료 무선 인터넷으로 언제든지 인터넷을 손쉽게 이용하실 수 있습니다.

호텔(은)는 24시 프론트 데스크, 컨시어지, 환전(을)를 제공합니다. 게다가 라운지 제공은 부산을(를) 방문하는 여행객들 사이에 이 호텔이 단연 돋보이는 이유 중 하나이기도 합니다. 차로 오시는 분들은 무료 주차도 하실 수 있습니다.

삼광사(2.3 km), 부산어린이대공원(2.8 km)(와)과 같이 부산의 가장 인기있는 명소와 가까운 이비스 앰배서더 부산 시티센터(은)는 관광객이 많이 찾는 장소입니다.

이 곳에 있는 동안 이비스 앰배서더 부산 시티센터에서 가까운 Celtic Tiger British Pub, 공중정원, 당케(을)를 포함한 펍들에서 반드시 먹어보시기 바랍니다.

그뿐만 아니라, 여러분이 여행하는 동안 이비스 앰배서더 부산 시티센터에서 도보 거리에 위치한 서면 먹자 골목(0.8 km), 부산 시민공원(0.9 km)(을)를 둘러보는 것도 잊지 마시기 바랍니다.

출장이든 여행이든, 혹은 둘다 여행 목적이든 상관없이 이비스 앰배서더 부산 시티센터(은)는 여러분의 부산 방문을 오랫동안 기억나게 해줄 것입니다.",35.1618541,129.061894,6,https://www.ambatel.com/ibis/busan/ko/main.do
63,이비스 버젯 앰배서더 부산 해운대,부산 해운대구 해운대해변로209번길 8,0507-1380-1106,"호텔 내 호텔 전용 유료 주차장,헬스장/피트니스 센터,해변, 회의실,무료 초고속 인터넷(Wi-Fi),아침식사 제공가능,공항 교통편,비지니스 센터 내 복사기/팩스","이비스 버젯 앰배서더 부산 해운대 호텔은 전세계 3,600여개 호텔을 거느린 호텔 체인 아코르 그룹 산하의 브랜드로서 국내 유일의 호텔 전문 기업인 앰배서더 호텔 그룹에서 운영하는 한국 최고의 비즈니스 호텔 브랜드입니다. 이비스 버젯 앰배서더 부산 해운대 호텔은 해운대해수욕장 주변에 위치하며, 총 180개의 객실이 준비 되어 있습니다. 성인 2인까지 숙박이 가능한 더블, 트윈 객실, 3인까지 숙박이 가능한 패밀리객실이 있습니다. 각 각의 객실은 면적 15 스퀘어미터-약 4.5평으로 전 객실 내에서는 이비스 버젯만의 스위트 베드, 무료 와이파이 서비스, 깔끔한 샤워 부스실, 평면 스크린 TV, 개별 냉/난방 시설, 개인 금고, 미니 냉장고등이 구비되어 있습니다. 이비스버젯만의 스위트 베드는 가로 160 cm, 세로200cm로 부드럽고 가벼운 이불과7cm 두께의 토퍼가 베드위에 깔려있어 어디에서도 경험하지 못한 편안한 숙박을 경험하실 수 있습니다.",35.1590985,129.154502,6,https://all.accor.com/9106
64,시그니엘 부산,부산 해운대구 달맞이길 30,051-922-1000,"무료 주차, 무료 초고속 인터넷(Wi-Fi), 헬스장/피트니스 센터, 풀, 바/라운지, 해변, 어린이 놀이터, 어린이용 실내 놀이 구역","시그니엘 부산은 해운대의 랜드마크 '엘시티(LCT)'타워에 위치한 260실 규모의 럭셔리 호텔입니다. '시그니엘 서울'에 이은 시그니엘의 두번째 호텔로 부산 해운대의 환상적인 오션뷰와 광안대교를 감상하며 진정한 여유를 누릴 수 있는 완벽한 여정이 준비되어 있습니다. 지하철 중동역과 해운대역에서 쉬운 접근성을 자랑하며, 인근에 해운대 로데오거리가 위치하고 있습니다.

다이나믹한 뷰를 즐길 수 있는 인피니티 풀, 럭셔리 코스메틱 브랜드 '샹테카이'의 스파, 투숙객 전용 가든 테라스 등 다채로운 부대시설이 시그니엘의 품격과 어우러져
그동안 부산에서 볼 수 없었던 새로운 가치를 전합니다.

시그니엘은 세계 최상급 외식문화를 갖춘 호텔입니다.
차오란은 화려하게 번영하였던 1920년대 홍콩의 분위기를 반영한 모던 차이니즈 레스토랑입니다. 낮에는 딤섬과 차를, 저녁에는 칵테일을 즐길 수 있는 Modern Chinese Tapas & Bar 차오란은 런던 미쉐린 스타 레스토랑 셰프의 다채로운 요리를 선보입니다.",35.1607444,129.169831,6,https://www.lottehotel.com/busan-signiel/ko.html
65,그랜드 엘시티 레지던스,부산 해운대구 달맞이길 30 랜드마크동 7008호,051-1588-5778,"무료 주차, 주차장, 무료 초고속 인터넷(Wi-Fi), 해변, 보트 타기, 유아용 의자 이용 가능, 수하물 보관, 금연 호텔","세계적인 3대 해변휴양도시 부산 해운대의 바다와 하늘을 한눈에 품은 LCT. 101층 랜드마크 엘시티(LCT) 타워에서 환상적인 오션뷰와 광안대교를 감상할 수 있는 서비스드 레지던스입니다. 가족 휴양 및 비즈니스, 엔터테인먼트, 관광명소들에 접근이 가까우며 관광객 및 레져 여행객들의 Home away from Home의 모토로 제공되는 이상적인 국내 최고급 레지던스 시설입니다. Ultimate View&Rooms 해운대 비치, 오션뷰, 광안대교, 동백섬, 장산시티, 달맞이 고개가 한눈에 조망되는 객실을 보유하고 있습니다. 50평 이상의 스위트룸과 6성급 초특급 호텔 종사원의 서비스를 제공 받으실 수 있습니다. Perfect Location 신세계 센텀시티와 벡스코를 포함한 엔터테인트먼트 시설, 오시리아 관광단지, 문텐로드, 관광지 등 각종 편의시설과 레스토랑, 유명 전문 식당 및 맛집들이 인접해 있습니다. 그랜드 엘시티 레지던스와 함께 품격 있는 하루를 보내보세요. - 더 머물고 싶은 공간, Grand LCT Residence",35.1607444,129.169831,6,http://www.grandlct.com
66,파라다이스 호텔 부산,부산 해운대구 해운대해변로 296,051-742-2121,"단체석, 주차, 발렛파킹, 예약, 무선 인터넷, 남/녀 화장실 구분",총 객실 532실로 해운대 최대 규모를 자랑하며 해운대 바다가 보이는 오션스파 씨메르 & 풀 등 비즈니스와 리조트의 복합적 기능을 갖춘 특1급 호텔로 해변 측 객실에는 해운대 바다를 한 눈에 내려다 볼 수 있는 발코니 시설을 갖추고 있습니다.,35.1599547,129.164104,6,https://www.busanparadisehotel.co.kr/front
67,남포 오션투헤븐 호텔&스파,부산 중구 자갈치로 21,0507-1363-0146,"단체석, 주차, 예약, 무선 인터넷, 남/녀 화장실 구분","기본을 지키는 호텔, 남포 오션투헤븐 호텔&스파에서 머무세요. 부산 자갈치시장역 4번 출구 도보 1분 거리에 있습니다.
전국 최대 어시장 자갈치 시장에 위치한 저희 숙소는 부산의 구도심을 즐기기에 최고의 위치에 있습니다.

부산의 독특한 바다가 보이는 객실을 갖추고 있습니다. 여행의 휴식이 될 수 있는 시설들을 운영하고 있습니다. 
여기에서 소중한 기억 남기시길 기대합니다.",35.0967082,129.026668,6,https://bu2heaven.modoo.at/
68,스탠포드 호텔 부산,부산 중구 구덕로 53,051-795-7700,"호텔 내 유료 공공 주차장,무료 초고속 인터넷(Wi-Fi),온수 욕조,헬스장/피트니스 센터,아동 활동(아동/가족 친화적),인터넷 사용이 가능한 비지니스 센터,24시간 보안 서비스,수하물 보관","스탠포드인 부산에 오신 것을 환영합니다! 여러분의 ""제 2의 집""인 부산 호텔에서는 여러분의 시간이 집처럼 편안하도록 다양한 부대시설을 제공합니다.

부산타워(0.4 km), 영도대교(0.6 km)(와)과 같은 인기 명소에 가까이 있는 스탠포드인 부산 숙박고객들은 부산에서 가장 잘 알려진 관광명소들을 손 쉽게 체험하실 수 있습니다.

스탠포드인 부산(은)는 객실 내에 냉장고, 에어컨, 암막 커튼(이)가 구비되어 있는 매력적인 호텔로 여기서 지내시는 동안 투숙객에게 제공되는 무료 무선 인터넷으로 언제든지 인터넷을 손쉽게 이용하실 수 있습니다.

호텔(은)는 24시 프론트 데스크, 컨시어지, 환전(을)를 제공합니다. 게다가 사우나 제공은 부산을(를) 방문하는 여행객들 사이에 이 호텔이 단연 돋보이는 이유 중 하나이기도 합니다. 차로 오시는 분들은 주차도 하실 수 있습니다.

부산에는 아시아 요리(이)가 많습니다. 따라서 여기 있는 동안에는 맛있는 메뉴를 선보이는 오아제 시푸드 뷔페, 골목게장, 개미집(와)과 같은 인기 맛집에서 반드시 드셔보시기 바랍니다.

부산(을)를 둘러보고 싶다면, 다음 미술관들 중 한 곳을 둘러보세요 : 타워갤러리, AN아트홀.Red, 공간화랑 해운대점.

스탠포드인 부산(은)는 부산의 최고만을 엄선, 선별하여 쉽게 즐길 수 있기 때문에 여러분의 시간이 한결 여유롭고 즐거울 것입니다.",35.0979423,129.029933,6,http://www.stanfordbusan.com/
69,호텔 티티 구포,부산 북구 낙동대로 1684 호텔티티 구포,051-343-5518,"단체석, 주차, 발렛파킹, 예약, 무선 인터넷, 남/녀 화장실 구분, 장애인 편의시설","23.05 사우나 오픈!

*CHECK IN 15:00 / CHECK OUT 12:00

북구 구포동에 위치한 호텔티티 구포는 1호점인 호텔티티 서면점에 이어 두 번째로 오픈한 프리미엄 비즈니스호텔입니다. 구포 지하철역, 기차역, 버스 정류장과 인접해 있어 교통이 편리하며, 김해공항과는 지하철로 15분 거리에 위치하고 있습니다. 앞으로는 넓게 펼쳐진 낙동강과 구포대교, 그리고 푸른 대저생태공원을 끼고 있어 주야로 환상적인 리버뷰를 자랑합니다.

또한, 럭셔리한 객실 룸과 리버,시티뷰를 한눈에 볼 수 있는 통창은 고객들에게 휴식을 제공합니다.

시그니처 룸인 스탠다드 더블 리버뷰를 비롯한 133개의 객실은 예술적인 영감과 안락함을 선사하여 오시는 고객에게 힐링 장소로 자리매김하였습니다.

호텔티티 구포는 하늘과 강이 파노라마처럼 펼쳐지는 모습을 감상할 수 있는 캡슐호텔,사우나,루프탑라운지 그리고 미니수영장을 운영하고 있습니다. 더 나아가 렉스코 팔콘시리즈 최신 기구를 갖춘 피트니스 센터와 코인 노래방 등 다양한 부대시설 운영으로 올인원 서비스를 제공합니다.

특히 호텔 내부에 갖춰진 세븐일레븐 편의점은 감각적인 인테리어로 차별화 된 공간감을 선사합니다. 다양한 제품을 구비하고 있어 호텔 내에서 간편하게 먹거리를 즐기며 휴식을 취할 수 있습니다.

제공사항 - 주차, 발렛파킹, 예약, 무선 인터넷, 남/녀 화장실 구분, 카페&레스토랑, 코인노래방, 코인세탁실, 장애인 편의시설(객실,화장실 등), 캡슐호텔, 미니 수영장, 루프탑 라운지, 사우나, 휘트니스센터, 24시 편의점(세븐일레븐), 비즈니스센터, 회의실, 세미나실, 연회장 등",35.2049621,128.995909,6,http://www.hoteltt.co.kr/view/viewLink.do?page=tthotelgupo/KOR/index/index
610,엘본더스테이 엘본쓰,부산 해운대구 구남로21번길 6,0507-1358-3424,"주차, 예약, 무선 인터넷, 반려동물 동반","해운대 최중심지에 있어 도보로 이동이 가능합니다.
해운대지하철역 3번출구에서 1분도보거리 , 파스쿠치골목위치",35.1622611,129.160599,6,https://blog.naver.com/elbonz
611,더뮤즈호텔,부산 기장군 일광읍 해송3로 4 더뮤즈호텔,0507-1424-9099,"주차, 발렛파킹, 예약, 무선 인터넷, 남/녀 화장실 구분","부산시 기장군 일광바닷가 도보 7분 더뮤즈호텔은 전 객실에서 취사가 가능한 최신 설비를 갖춘 신축 호텔로써 동부산관광단지 오시리아 롯데월드 놀이동산까지 10분 거리, 근처 유명 골프장까지 5~10분거리, 그리고 송정과 해운대 까지는 불과 25여분 거리로 편리한 교통 중심지에 위치한 레지던스 개념의 깨끗하고 편안한 최신 시설의 최고급 호텔입니다.",35.2658,129.2306,6,https://www.instagram.com/the_muse_hotel77
612,오션 투헤븐호텔,부산 수영구 광안해변로278번길 42 A동 5층,0507-1386-3006,"주차, 포장, 배달, 예약, 무선 인터넷, 장애인 편의시설","* 전 객실 넷플릭스 이용가능(프론트 문의)

* 전 객실 삼성 에어드레서, 코웨이 공기청정기

* 간편 조식 + 커피 무제한 제공

*CESCO 바이러스케어로 공기 정화 및 살균 관리

한국관광공사 인증 2성급 관광호텔입니다.

'오션투헤븐' 공식 인스타그램
http://instagram.com/ocean2heaven",35.1539865,129.124534,6,https://ocean2heavenhotel.modoo.at
613,마마 게스트하우스 해운대,부산 해운대구 중동1로 40 2층,070-7797-3650,"침대방, 2인실, 와이파이, 모던, 해수욕장, 바닷가, 가족실","1. 예약문의: 070-7797-3650.
2. 체크인시간 : 15:00~22:00 / 체크아웃시간 : 00:00~11:00
3. 주차시설 이용불가.
4. 파티없는 안전하고 청결하고 깔끔한 숙박시설을 제공합니다.
5. 객실: 전객실 개인 화장실 제공합니다.
6. 조식: 무료조식제공(현재 코로나로인해 조식제공중단함)
7. 추가인원: 1인추가시 엑스트라베드가 제공되며 추가비용은 현장 결제입니다.
※추가인원 요금관련 정확한 요금안내는 숙박업소에 사전 문의 부탁드립니다.
***비수기:1박 3만원
***성수기:1박 5만원
8.환불은 체크인 기준 7일 이내의 취소 또는 노쇼시 환불불가입니다. (체크인 기준 8일전까지는 전액 환불)
9.미성년자는 보호자의 동반없이 숙박할 수 없습니다.
10.체크인 시 예약 확인과 호스텔의 안전을 위해 고객신분증 확인 및 복사를 하오니 양해부탁드립니다.
(개인정보법에 의거하여 주민번호 뒷자리는 가린 채 1부 복사)
11.손님의 린넨오염 및 기물 파손등 숙박업소에 피해발생시 배상청구합니다.
12.객실 카드키 분실시 2만원 별도청구합니다.",35.1620516,129.163249,6,http://mamaguesthouse.co.kr/
614,아난티 힐튼 부산,부산 기장군 기장읍 기장해안로 268-32,051-509-1111,"단체석, 주차, 발렛파킹, 예약, 무선 인터넷, 남/녀 화장실 구분, 장애인 편의시설","부산의 아름다운 해변을 품은 기장에 위치한 아난티 힐튼 부산에서 도심 속 완벽한 휴식처라는 차별화된 컨셉과 규모, 서비스를 자랑합니다. 탁 트인 오션뷰를 마음껏 감상 할 수 있는 약 21평의 넓고 여유로운 객실에는 프라이빗 발코니가 마련되어, 휴식을 즐기기에 더 없이 좋은 시설을 자랑합니다. 특히 해안경관이 파노라믹 뷰로 펼쳐지는 야외 인피니티 풀, 성인 전용 인피니티풀, 키즈 풀, 자쿠지 등 해외 리조트 못지 않은 럭셔리 수영장과 피트니스와 사우나, 테라피 룸 등의 부대시설들이 함께 마련되어 있어 사계절 내내 완벽한 휴식을 선사합니다.",35.1978804,129.228376,6,https://ananti.kr/ko/busan
615,와바 클래식,부산 수영구 광안해변로279번길 30,0507-1328-9163,"와이파이, 주차, 파티룸, 무료영화, 모던, 해수욕장, 바닷가","광안리 바닷가,민락더마켓.수변공원 걸어서 2분거리~주변 맛집핫플 중심
친절한 서비스와 편안한 잠자리를 제공하기 위해 최선을 다하고 있습니다.",35.1567722,129.125495,6,https://blog.naver.com/gwanganwaba
41,대구 메리어트 호텔,대구 신천동326-1 동구,"053-327-7000
","무료 주차, 풀, 바/라운지, 어린이 풀, 무료 초고속 인터넷(Wi-Fi), 헬스장/피트니스 센터, 아동 활동(아동/가족 친화적), 자동차 렌트","전 세계 134개국에서 30개 브랜드, 7,200여 개의 체인 호텔을 운영하고 있는 #메리어트 가 대구에 오픈합니다. 오감을 만족시킬 다양한 레스토랑과 모던한 분위기의 라운지, 사계절 여유롭게 즐길 수 있는 실내 수영장과 다양한 행사를 진행할 수 있는 완벽한 연회장까지 완벽한 시간을 선물 할 수 있는 단 하나의 호텔로 당신과 만나는 그 순간을 고대하고 있겠습니다.",35.8753318,128.627652,4,
42,호텔 드 포레,대구 가창면 가창로 891,1688-8511,"무료 주차, 무료 초고속 인터넷(Wi-Fi), 풀, 온수 욕조, 음식점, 아동 활동(아동/가족 친화적), 스파","나무들이 내뿜는 음이온과 피톤치드가 가득한 숲속, 편백내음, 바람소리, 새소리, 풀잎소리를 느끼며 휴식을 하게 되는 친환경 숙박시설 호텔드포레는 편백나무와 황토벽돌로 마감되어 머무는 것만으로도 힐링이 되는 건강한 쉼의 공간이다.",35.7882606,128.635199,4,
43,대구 그랜드 호텔,대구 수성구 동대구로 305,053-742-0001,"무료 주차, 무료 초고속 인터넷(Wi-Fi), 온수 욕조, 헬스장/피트니스 센터, 바/라운지, 아동 활동(아동/가족 친화적), 인터넷 사용이 가능한 비지니스 센터, 콘퍼런스 시설","그랜드 호텔(은)는 대구 추천 숙소입니다. 가성비 우수, 편안하고 편리함까지 갖춘 이곳은

G대구청소년문화의집(3.5 km), 천주교 계산 주교좌 성당(3.6 km)(와)과 같은 인기 명소와 가깝기 때문에, 그랜드 호텔 숙박 고객들은 대구에서 가장 잘 알려진 관광명소들을 손 쉽게 경험할 수 있습니다.

투숙객실은 냉장고, 에어컨(을)를 구비하고 있고, 호텔(이)가 제공하는 무료 무선 인터넷으로 인터넷을 마음껏 이용하실 수 있습니다.

그랜드 호텔는 여러분의 시간을 좀 더 편하게 해 줄 24시 프론트 데스크, 룸서비스, 컨시어지 또한 제공합니다. 게다가, 사우나, 음식점 또한 제공하고 있으니 언제든지 이용하시기 바랍니다. 그랜드 호텔에 차로 오시는 분들은 무료 주차도 가능하니 부담없이 차를 가져오시기 바랍니다.

대구에는 인도 요리(이)가 많습니다. 따라서 여기 있는 동안에는 맛있는 메뉴를 선보이는 바라지레스트랑, 뉴살라딘, 마야 인도 & 네팔 전통 요리 전문점(와)과 같은 인기 맛집에서 반드시 드셔보시기 바랍니다.

대구(은)는 또한 인기 미술관들인 자연염색박물관(이)가 자리하고 있는 곳이며 그랜드 호텔(으)로부터 멀지 않습니다.

그랜드 호텔에서는 여러분의 편리와 만족감이 최우선입니다. 그리고, 여러분의 대구 방문을 환영합니다.",35.8577218,128.625123,4,
44,대구 인터불고 호텔,대구 수성구 팔현길 212,0507-1433-7114,"무료 초고속 인터넷(Wi-Fi), 풀, 헬스장/피트니스 센터, 바/라운지, 카지노 및 도박장, 아동 활동(아동/가족친화적), 인터넷 사용이 가능한 비지니스 센터, 콘퍼런스 시설",대구 유일의 특급호텔로서 대구국제공항으로부터 10분 거리에 위치해 있으며 수려한 자연경관과 최고의 시설을 갖추고 있습니다.,35.8735101,128.660044,4,
45,호텔 노블스테이,대구 중구 국채보상로123길 23 노블스테이호텔,0507-1427-5017,"주차, 발렛파킹, 배달, 예약, 무선 인터넷, 남/녀 화장실 구분, 장애인 편의시설",대구 중구 동성로 중심에 위치한 편안하고 깨끗한 비지니스 호텔입니다.,35.8717112,128.597275,4,http://www.hotelnoblestay.com/
46,2월호텔 더시그니처 동성로점,대구 중구 중앙대로81길 13 2월호텔 더시그니처 동성로점,053-257-9898,"단체석, 주차, 예약, 무선 인터넷, 장애인 편의시설","2월호텔은 핫플레이스 동성로의 트랜디함과 스타일리시함을 가까이서 누릴 수 있는 럭셔리 호텔입니다.글램핑에서부터 럭셔리 풀파티까지 감각적인 트랜드세터들의 유쾌한 놀이터로 도심 한가운데서 짜릿한 즐거움을 맛볼 수 있습니다. 품격 있는 디자인과 앞선 감각의 인테리어, 수준 높은 어메니티 등 지금 껏 만나지 못한 새로운 문화를 제안하는 2월호텔은 3시간에서 24시간까지 다양한 시간적용을 통해 보다 실용적이며 합리적으로 즐길 수 있습니다.

중앙로역에서 도보 3분거리에 위치하고 있어 접근성이 매우 뛰어난 호텔입니다.

총 11개의 객실 타입으로 다양한 취향과 라이프스타일에 따른 감각적이며 개성 넘치는 공간을 제안합니다.

아티스트와 만나 탄생한 유니크한 객실 뉴욕 모던스타일, 프로방스 스타일, 내츄럴 스타일 등의 콘셉트와 더불어 다양한 콘셉트의 재치있는 테마룸까지 독특한 스타일의 객실을 선사합니다.

새로운 아이디어와 힐링이 함께 필요한 현대인들에게 일상의 즐거운 활력을 불어넣고 일탈을 꿈꾸게 하는 도심 속 힐링 공간입니다.",35.8695893,128.592837,4,http://www.februarydongsungro.com/
47,ACT 관광 호텔,대구 수성구 알파시티1로32길 28-17,0507-1384-0000,"주차, 방문접수/출장, 예약, 무선 인터넷, 남/녀 화장실 구분","모던함과 자연이 함께 어우러진 ACT 호텔은 현대적인 공간에서 자연 속에 빠진듯한 편안함으로 고객님들의 여정을 더욱 값지게 만들 수 있는 호텔입니다.
대구 알파시티 경제자유구역에 위치하여 국제행사를 비롯한 비지니스가 활발히 이뤄질 수 있도록 편리한 교통편을 가지고 있으며, 비지니스 센터와 미팅룸을 가지고 있어 고객님들의 비지니스 활동에 편의성을 제공해드립니다.
빠르게 흘러가는 일상 속에서 잠시 쉬어 가실 수 있는 숲이라는 컨셉의 '그린포레스트'에서 영양과 정성이 가득한 조식 식사를 제공해드리며, 분주했던 하루를 편안하게 마무리 하실 수 있도록 11층에 위치한 스카이 라운지 '블랙포레스트'에서 럭셔리한 여유로움을 경험해 보시길 바랍니다.",35.8365364,128.683399,4,http://acthotel.co.kr
48,한옥1942,대구 중구 서성로13길 57 (인교동) 한옥1942,0507-1339-1957,"한옥, 온돌방, 2인실, 가족실, 주차, 공용시설, 와이파이","한옥1942는 가온방,다온방,라온방으로 구성되어 있으며,1942년에 지어진 한옥을 원형을 살려 복원하였습니다.",35.8718563,128.584269,4,
49,봄고로 게스트하우스,대구 중구 종로 23-23,010-9357-0264,"2인실, 가족실, 단체, 와이파이, 온돌방","*대구 교통의 요지 반월당 현대 백화점 뒤 약령시에 위치, 동성로를 비롯 대구 도보여행의 베이스캠프

문학관 혹은 고양이 갤러리 같은 감성 돋는 편안한 숙소, 대구 봄고로 게스트하우스 입니다.

룸은 모두 개별 욕실이며 파티를 하지 않습니다. 예약자님의 핸드폰 번호 뒷 4자리를 비번으로 설정해 드립니다.(2004년 출생, 미성년 혼숙 절대 불가)

감사합니다.

* 봄고로 전화: 010-9357-0264

* 대구 한방의료체험타운 유료주차장(50%할인)
-대구 중구 중앙대로77길 45
(봄고로에서 도보 1~2분, 주차 관리자님께 '봄고로 게스트하우스' 방문을 꼭 알려주셔야 50% 할인 혜택이 주어집니다)",35.8680698,128.590537,4,https://blog.naver.com/bomgoro
410,토요코인호텔 동성로점,대구 중구 동성로1길 15,053-428-1045,,,35.8670076,128.594535,4,
411,애가 한옥 게스트하우스,대구 중구 남산로2길 11-11,053-781-5215,"공용시설, 와이파이, 온돌방, 2인실, 한옥, 단체, 독채, 가족실","대구에 자리한 애가한옥 게스트하우스에서는 쉼터, 정원 등의 시설을 이용하실 수 있습니다. 숙소로부터 2km 내에는 이월드, 두류공원, 중앙로, 반월당, 동성로, 서문시장, 청라언덕, 약령시가 있습니다. 바로 옆 대구지하철 3호선 남산역이 있어 자가용 자동차가 없어도 환승을 통해 대구 어디로든 관광다니기 편합니다. 주변엔 소규모 아트홀, 미술관이 있어 느긋하게 즐길거리가 많습니다.

가족 객실 이용이 가능하며, 각 객실에는 전용 욕실이 마련되어 있습니다. 애가한옥 게스트하우스의 일부 객실에는 테라스가 딸려 있습니다.",35.8573176,128.583149,4,https://aegahanokgh.modoo.at
412,유니드 호텔,대구 달서구 이곡서로 86 유니드호텔,053-584-0039,"예약, 무선 인터넷","2020년 리모델링을 거쳐 새롭게 거듭난 비즈니스 호텔 입니다.
저희 유니드 호텔에서는 고객님의 니즈에 맞춰 다양한 종류의 객실을 운영 중입니다.
스탠다드, 디럭스, 디럭스 트윈, 스위트룸이 준비되어 있습니다.
또한 24시간 프론트 운영으로 고객님의 요구와 불편사항을 즉시 해결해드리고 있사오니 궁금하신 점이나 예약 관련 문의를 하실 경우 053)584-0036으로 연락 주십시오.

더불어 저희 호텔에서는 고객님께서 안심하고 예약하여 머물다 가실 수 있도록 매일 매일 꼼꼼히 객실 내부 소독과 청결을 유지하고 있습니다.
소중한 고객님을 안전히 모실 수 있도록 항상 최선을 다하겠습니다. 감사합니다.

- 전 객실 65인치 TV, 공기청정기, 직수형비데+일체형변기, PC 설치
- 전 객실 스타일러, 욕조 설치 (스탠다드 제외)
- 로비에서 원두커피, 비스켓, 요구르트 무료 제공
- 24시간 프런트 운영
- 아침조식 무료제공(월요일휴무)
-체크인 15:00 (토요일은 17:00)
-체크아웃 12:00",35.8545586,128.506108,4,
413,한옥1957,대구 중구 국채보상로101길 20-2 한옥1957,010-6590-5544,"한옥, 온돌방, 2인실, 가족실, 와이파이, 공용시설","한옥1957은 안채,행랑채로 이루어진 9칸 ㄷ자형 전통 한옥입니다. 황토와 짚을 역은 벽체와 황토 기와를 지붕에 이었으며, 목재는 우리나라 홍송을 가공하여 1957년에 지어진 집을 원형을 살려 복원 하였습니다",35.8715809,128.584651,4,
51,홀리데이인 광주호텔 ,광주 서구 상무누리로 55,062-610-7000,"무료 주차, 무료 초고속 인터넷(Wi-Fi), 풀, 헬스장/피트니스 센터, 바/라운지, 어린이 숙박 무료, 유아용 의자 이용 가능,자동차 렌트","광주 고속터미널 역에서 택시로 10분, 광주송정 KTX 역에서 택시로 15분, 지하철 4정거장 떨어져 있는 홀리데이 인 광주 호텔®은 광주 및 전라도 여행을 위한 최적의 장소에 위치하고 있습니다. 총 203개의 넓고 쾌적한 객실과 조금 더 특별한 투숙을 위한 스위트 룸이 준비되어 있으며 투숙객 전용 시설인 실내수영장, 피트니스 센터 그리고 사우나가 있습니다. 비즈니스 센터, 필로우 옵션, 노트북 렌탈 등 투숙객을 위한 다양한 서비스가 준비되어 있습니다. 홀리데이 인 광주 호텔은 인터콘티넨탈호텔스그룹(IHG) 브랜드 중 하나로 전 세계에 1,500여 개의 호텔과 리조트를 가지고 있는 세계에서 가장 잘 알려진 브랜드입니다.",35.1475612,126.838167,5,http://higwangju.com/
52,브라운도트 호텔 상무점,광주 서구 상무중앙로38번길 5-8,0507-1315-0110,"주차, 발렛파킹, 방문접수/출장, 예약, 무선 인터넷, 남/녀 화장실 구분",피렌체 관광 호텔에서 브라운도트 호텔로 새롭게 리뉴얼 되었습니다.,35.1508748,126.84941,5,
53,에이치원호텔,광주 북구 대자로106번길 10-6 에이치원호텔,0507-1412-3000,"주차, 발렛파킹, 예약, 무선 인터넷","호텔 에이치원은 내 집과 같은 안락함을 모토로 아늑하고 실용적인 공간과 깔끔하고 편리한 시설, 문화적인 경험을 제공하는 비즈니스 호텔입니다. 여행자의 필요와 취향을 고려한 다양한 타입의 객실과 독특한 인테리어, 합리적인 가격, 세심하고 배려있는 서비스로 고객이 집에서 머무는 듯 편안하게 쉴 수 있도록 합니다.",35.1727168,126.883794,5,http://www.h1hotel.co.kr/
54,두바이 호텔,광주 서구 상무번영로 47,062-373-0700,"주차, 발렛파킹, 예약, 무선 인터넷","두바이 호텔에서 Genius 할인을 받으실 수 있습니다. 로그인하시고 저렴한 요금으로 예약하세요!

두바이 호텔은 광주시청에서 남쪽으로 700m, 5.18 기념공원에서 150m 거리에 위치한 숙박시설입니다. 이 호텔은 전용 주차장, 24시간 프론트 데스크, 전역에서 접속 가능한 무료 Wi-Fi를 제공합니다. 

모든 객실은 스팀 스타일러, 평면 위성 TV, 전기 주전자를 갖추고 있습니다. 전용 욕실에는 샤워기와 욕조가 있습니다. 슬리퍼와 세면용품은 무료로 제공됩니다. 

호텔에서 김대중컨벤션센터는 2km, 광주월드컵경기장은 3km 거리에 있습니다. 광주공항까지는 차로 10분이, 서쪽 방면의 광주 KTX역까지는 차로 15분이 소요됩니다. 

커플들이 선호하는 지역 — 커플 투숙에 평점 9.0점을 획득하였습니다.",35.1540877,126.852674,5,http://dubaihotel.kr/
55,라마다플라자 광주호텔,광주 서구 상무자유로 149,062-717-7000,"단체석, 주차, 발렛파킹, 예약, 무선 인터넷, 남/녀 화장실 구분","라마다플라자 광주호텔은 전 세계적으로 7,000여개의 프랜차이즈 호텔과 580,000개의 객실을 소유하고 있는 윈덤호텔 그룹에 속해 있는 라마다 인터내셔널의 광주 최초 특1급 호텔로 2008년 10월 그랜드 오픈 한 세계적인 브랜드 호텔입니다.",35.1520029,126.850549,5,http://www.ramadagwangju.com/
56,호텔 써밋,광주 광산구 사암로171번길 90-20 호텔 써밋,062-945-4000,"주차, 배달, 예약, 무선 인터넷, 남/녀 화장실 구분","호텔 써밋은 내 집과 같은 안락함을 모토로 아늑하고 실용적인 공간과 깔끔하고 편리한 시설, 문화적인 경험을 제공하는 비즈니스 호텔입니다. 공항, KTX, 터미널 근처에 위치해 있으며 여행객의 필요와 취향을 고려한 다양한 타입의 객실과 독특한 인테리어, 합리적인 가격, 세심하고 배려있는 서비스로 집에서 머무는 듯 편안하게 쉴 수 있도록 합니다. 모던한 아름다움과 5성급 수준의 고급 침구 및 침대, 고급 어메니티로 한 단계 업그레이드 된 휴식을 경험하십시오.",35.1606582,126.802229,5,https://booking.naver.com/booking/3/bizes/728854
57,비엔날레 호텔,광주 북구 대자로 104 비엔날레호텔,0507-1486-6000,"주차, 발렛파킹, 예약, 무선 인터넷","광주 비엔날레 호텔은 청결하고, 편안하게 쉴 수 있는 공간을 제공하도록 최선을 다하겠습니다.
네이버 결제가 가장 저렴합니다. 감사합니다 : )",35.1729602,126.883816,5,https://gjbiennale.modoo.at
58,벤처비즈니스호텔,광주 서구 상무중앙로38번길 5-6,0507-1369-7777,"주차, 발렛파킹, 방문접수/출장, 예약, 무선 인터넷, 남/녀 화장실 구분, 장애인 편의시설","광주 최초 전기 자동차 충전소 호텔
회의실 사용가능, 빔프로젝트 이용가능
벤처 비즈니스 호텔에 방문해 주신 고객님께 감사드립니다. 2018년 4월 신규 오픈한 벤처 비즈니스호텔은 상무지구에 위치한 비즈니스호텔입니다. 저희 호텔을 이용하시는 고객님께서 원하시는 비즈니스를 위한 최적의 장소로 도보 10분 거리에 시청, 대형마트, 영화관, 아웃렛이 있는 다운타운 중심가에 위치해 있습니다. 또한 비즈니스로 피로한 고객님을 위해 쾌적하고 깔끔한 객실상태와 안마의자,스타일러,월풀욕조, 상무지구 유일의 전 객실 공기청정기를 비치해서 주무시는 동안 미세먼지를 말끔히 제거해 편안한 숙면에 도움을 드리고 있습니다. 편안한 잠자리를 제공하기 위해 전 객실 초대형 더블킹 사이즈 라텍스침대와 최고급 침구류를 준비했습니다. 마지막으로 숙박하시는 고객님을 위해 한식과 양식 뷔페를 준비해 고객님의 다양한 입맛을 충족하려고 노력하고 있습니다. 새롭게 시작하는 벤처 비즈니스호텔은 항상 고객님께서 원하는 비즈니스 파트너가 될 것을 약속드립니다.


최고급 호텔 주방장님의 뷔페 조식 (1실 2인 무료)
(한식반찬.샐러드 빵2종류,시리얼2종류,우유,쥬스,커피)
※2020년 1월25일(설날당일)만 조식 미운영합니다※
아침 조식 운영 시간 : AM7:30 ~ AM9:30
매주 월요일 아침 조식 휴무
",35.1506765,126.84941,5,http://venturehotel.kr
59,다솜채 한옥스테이,광주 광산구 내상로51번길 27 다솜채,0507-1446-7700,"조식제공, 공용시설, 체험활동, 단체, 한옥, 침대방, 가족실, 온돌방, 2인실, 도미토리, 와이파이","한국관광공사 한국관광품질인증
다솜채는 한국 관광공사가 검증한 한국관광품질인증 (korea Quality)이 인정한 관광시설과서비스에 소방,청결,서비스,부대시설등 대해 신뢰 할 수 있는 품질 수준을 제시하고 합리적인 선택을 할 수 있도록 도와주는 국가인증제도로 다솜채는 여기에 적합한 숙소입니다
믿고 선택 하셔도 될 것입니다

@ 방마다 단독 화장실,수건,치약,치솔,삼푸,린스,바디워시,헤어드라이,빗,제공 합니다
@ TV,에어콘,냉장고,고급침구(천연 목화솜)
@ 조식으로 토스트 빵,커피,음료,수제쨈,제철 과일 이 제공 됩니다
@ 최고급 특급호텔의 천연 목화솜 침구 ,암막커든
@ 다솜채의 모든 방은 무료 WIFI ZONE 입니다

주중 특별 할인 10박 이상 (1박무료)월-목요일 20%
(다인실 제외)
주중 특별 할인 20박 이상 (2박무료)월-목요일 30%
(다인실 제외)
내일로 1만원 할인
감사 합니다",35.13891,126.797662,5,http://www.dasomchae.net/
510,라이크 호텔,광주 동구 무등로321번길 20-5,062-529-3035,"단체석, 주차, 발렛파킹, 배달, 방문접수/출장, 예약, 무선 인터넷",광주 최고 숙박업 라이크호텔을 소개합니다. ^^ 많은관심 부탁드려요,35.1636513,126.919117,5,
511,고운정,광주 광산구 임곡연동길 131-13,0507-1333-0846,"독채, 개별바비큐, 온돌방, 침대방, 데크, 반려동물, 바비큐장, 와이파이, 파티, 모던, 자연학습, 잔디",광주시내 근교에 위치한 조용하고 고즈넉한 공간으로 3년 동안 살면서 이쁘게 꾸민 정원과 텃밭을 힐링이 필요하시 분들에게 소개합니다,35.2050419,126.777203,5,
31,호텔스카이파크 대전1호점,대전 유성구 테크노중앙로 161 (용산동),042-323-4500,"단체석, 주차, 방문접수/출장, 예약, 무선 인터넷, 남/녀 화장실 구분, 장애인 편의시설","예약실 전화번호: 02-6900-9363
호텔 스카이파크 대전 1호점은 첨단 과학기술의 메카인 대덕 테크노밸리에 위치하여 있습니다. 대전 현대프리미엄 아울렛 안에 위치해 다양한 문화 생활, 쇼핑, 휴식을 함께 즐길 수 있는 호텔입니다.
성공적인 비즈니스를 위해 개인별 맞춤 서비스와 내 집 같은 편안함을 제공하겠습니다.
최고의 만족과 최상의 서비스를 경험할 수 있는 스카이파크 대전 1호점에서 고객님과의 특별한 만남을 기다리고 있습니다.",36.423907,127.398687,3,https://www.instagram.com/hotelskypark/
32,호텔오노마,대전 유성구 엑스포로 1 호텔 오노마 대전,042-259-8007,"단체석, 주차, 예약","대전에 자리한 호텔오노마 대전 오토그래프컬렉션에서는 무료 자전거, 무료 전용 주차장, 피트니스 센터, 레스토랑 등을 이용하실 수 있습니다. 숙소는 Hanbat Arboretum에서 2.5km 거리에 있습니다. 이 5성급 호텔에서는 에어컨, 무료 Wi-Fi가 완비된 객실과 바 등을 제공합니다. 각 객실에는 전용 욕실이 마련되어 있습니다. 숙소는 투숙객을 위한 룸서비스, 24시간 프런트 데스크, 환전 서비스 등을 제공합니다.

호텔오노마 대전 오토그래프컬렉션의 각 객실에는 옷장 등이 마련되어 있습니다. 숙소의 모든 숙박 옵션에는 TV, 무료 세면도구 등이 마련되어 있습니다.

호텔오노마 대전 오토그래프컬렉션에서 매일 미국식 조식을 드셔보세요.

호텔오노마 대전 오토그래프컬렉션에서는 실내 수영장 등이 마련된 5성급 객실을 이용하실 수 있습니다.
",36.3776874,127.384622,3,https://www.marriott.co.kr/CJJAK
33,하니 모텔,"대전 서구 월평북로 88-16 4,5층",042-489-1801,"무료 Wi-Fi,무료 주차,가족 객실,금연 객실,스파/웰빙,룸서비스,공항 셔틀,모든 객실에 차/커피 메이커 구비,바","대전월평북로88~16(월평동250)번지( 대형주차장완비)
대전청사,무역센타, 유성온천,KBS방송국,선사유적지,시네마,버스터미널,먹거리가 즐비한곳",36.3615417,127.377924,3,
82,코트야드 바이 메리어트 세종,세종 다솜3로 6,044-251-4000,"주차가능, 조식운영, 무료영화(OTT), 와이파이, 트윈베드, 객실금연, 식사가능, 레스토랑, 연회장, 피트니스, 뷔페, 어메니티, 3DTV, 24시간 데스크, 유료세탁, 비즈니스, 수화물보관","코트야드 세종은 대한민국 세종시 최초의 메리어트 인터내셔널 호텔로, 서울에서 단 50분 거리에 위치해 편리한 접근성을 자랑합니다. 충청권 중심에 자리한 호텔에서 투숙하세요. 세종첨단일반산업단지 및 세종국책연구단지와 가깝고, 정부세종청사까지 도보 거리입니다. 어메니티를 근사하게 갖춘 객실이나 스위트에서 편안한 휴식을 취해보세요. 아울러, 통유리 창문을 통해 경치 좋은 세종호수공원과 세종시 일대를 감상하실 수 있습니다. 최첨단 시청각 시스템을 갖춘 다목적 이벤트 공간 8실을 보유하고 있습니다. 그 중 한 곳에서 미팅 또는 특별 이벤트를 갖거나 웨딩을 올려보세요. 세종 키친에서 지속가능하고 윤리적인 방식으로 제철 요리를 만들어 내는 새로운 다이닝 콘셉트 '서브스턴스(SUBSTANCE)'를 경험해 보세요. 세종 카페에서 향긋한 커피를 즐기셔도 좋습니다. 24시간 피트니스 센터에서 운동하며 활력을 되찾아 보세요. 고급 침구와 편안한 워크스테이션, 초고속 와이파이를 갖춰 눌러 살고 싶다는 생각이 절로 드는 객실에서 하루를 마무리하고 재충전 하세요. 다음 한국 방문을 계획하신다면, 코트야드 세종에서 순조로운 여행에 필요한 모든 것을 누려보세요.",36.4958,127.2667,8,https://www.marriott.com/ko/hotels/cjjcy-courtyard-sejong/overview/
312,블룸비스타호텔앤컨퍼런스,경기 양평군 강하면 강남로 316,031-770-8888,"스파/월풀/욕조, 주차가능, 조식운영, 와이파이, 사우나, 흡연구역, 객실금연, 레스토랑, 연회장, 피트니스, 어메니티, 24시간 데스크, 노트북대여, 커피숍, 비즈니스, 수화물보관","물의 고장 양평에 자리한 블룸비스타는 천혜의 자연 환경 속에서 최상의 휴식 공간과 첨단 교육 시설을 만나실 수 있는 복합 공간입니다.
남한강과 전원주택단지의 풍광이 주는 여유로움을 만끽하실 수 있는 최고급 스위트룸, 신선한 재료만을 사용한 계절요리가 식감을 자극하는 레스토랑에서 편안한 휴식을 즐기고, 창조적인 교육과 연수활동이 가능한 스마트 교육시설을 통해 열정과 비전을 만나 보십시오.
저희 블룸비스타는 '생기를 되찾고, 잠재력을 발현하여, 새로운 비전을 발견하는 아름다운 터'라는 의미처럼, 고객 한분 한분의 진정한 힐링과 행복한 추억, 그리고 열정과 비전을 담아가실 수 있도록 최상의 서비스로 모실 것입니다. 블룸비스타를 방문하시는 모든 고객 여러분의 여유로운 휴식과 창의적인 연수를 위해 항상 최선을 다하겠습니다.",37.500231,127.421815,31,http://www.bloomvista.co.kr/#c
313,노보텔 앰버서더 수원,경기 수원시 팔달구 덕영대로 902,031-547-6600,"주차가능, 조식운영, 와이파이, 사우나, 객실금연, 바, 연회장, 피트니스, 뷔페, 어메니티, 24시간 데스크, 유료세탁, 비즈니스, 수화물보관","세련된 감각의 노보텔 앰배서더 수원(Novotel Ambassador Suwon) 호텔은 비즈니스와 레저 중심지에 위치해 있습니다. 한국에서 만날 수 있는 이 호텔은 넓은 회의실과 웨딩홀, 비즈니스 여행을 비롯한 특별한 행사를 치를 수 있는 완벽한 시설을 자랑합니다. 기차역, 지하철, 쇼핑 센터와 직접 연결되는 노보텔에서 현대적인 라이프스타일을 즐겨보세요.
노보텔 앰배서더 수원은 세계적인 호스피탈리티 그룹ACCOR의 국내 네 번째로 개관한 노보텔 브랜드로서 차별화된 고객 중심 서비스로 고객을 모시고 있습니다. 첨단 산업 인프라와 유네스코 문화유산 수원 화성을 가지고 있는 도시 수원에 위치해 있으며 미팅, 출장, 여행을 계획하는 모든 분들에게 맞춤 서비스와 시설을 제공하고 있습니다.",37.268436,126.999026,31,https://www.ambatel.com/novotel/suwon/ko/main.do
314,이비스 앰버서더 수원,경기 수원시 팔달구 권광로 132,031-230-5000,"주차가능, 조식운영, 와이파이, 객실금연, 연회장, 피트니스, 뷔페, 어메니티, 24시간 데스크, 유료세탁, 커피숍, 비즈니스, 수화물보관","이비스 앰배서더 수원 호텔(Ibis Ambassador Suwon hotel)은 수원의 중심지인 인계동에 위치해 있습니다. 편안한 숙박을 제공해드리기 위해 215개의 객실과 무료 고속 Wi-Fi, 인터내셔널 뷔페 레스토랑, 피트니스 센터와 온욕탕, 결혼식 회의 및 행사에 적합한 연회 시설, 주차장이 갖춰져 있습니다. 호텔 근처에는 다양한 편의시설, 수원시청역 (분당선, 도보 2분), 수원역(자차 5분), 인천국제공항과 김포공항 리무진 정류장이 가까이 있으며, 삼성전자 본사, 수원컨벤션센터, 고색산업단지, 광교테크노밸리 등의 주요 비즈니스 중심지에 위치해 있습니다. 이 밖에 쇼핑, 레스토랑 및 다양한 문화 활동 (수원 화성, 한국민속촌, 광교호수공원)을 가까운 거리에서 즐길 수 있어 비즈니스, 레저 고객 모두가 선호하는 최고의 호텔입니다.",37.259175,127.031272,31,https://www.ambatel.com/ibis/suwon/ko/main.do
315,썬밸리호텔,경기 여주시 강변유원지길 45,031-880-3889,"주차가능, 야외수영장, 조식운영, 와이파이, 사우나, 객실금연, 레스토랑, 연회장, 피트니스, 뷔페, 어메니티, 24시간 데스크, 유료세탁, 커피숍, 비즈니스, 수화물보관","문화의 도시 여주에 레저와 식문화를 선도하는 남한강 썬밸리호텔. 친환경 대자연속에 남한강과 신륵사의 아름다운 조망권 모던하면서도 예술적 감성이 넘치는 공간으로 준비하였습니다. 더불어 한층 격조있는 다기능 레스토랑과 라운지, 놀이문화를 선도할 워터파크, 고객님의 편안한 휴식과 힐링을 돕기위한 헬스클럽과 사우나, 실내골프연습장 등 편의시설을 운영하고 있습니다. 서울과 수도권 비즈니스와 사교의 장으로 손색이 없으며 각종 세미나와 워크샵, 국제행사등 성공적인 비즈니스를 돕고 있는남한강 썬밸리호텔은 행사의 다양한 목적에 적합한 최신 시설을 갖춘 연회장이 준비되어있고 특히 가족모임과 웨딩은 3시간의 여유로운 예식, 맞춤형 전문 컨설팅을 통해 예비부부와 혼주들의 만족도를 충족하기위해 최선을 다하고 있습니다. 앞으로도 썬밸리호텔은 항상 고객우선주의와 정성을 다하는 서비스로 식문화와 놀이 문화를 선도하도록 배전의 노력을 약속 드리며 나날이 새로워지는 썬밸리호텔이 될것입니다.",37.293206,127.660889,31,https://www.sunvalley.co.kr/hotel/hotel/intro
316,라까사호텔 광명,경기 광명시 일직로12번길 22 라까사타워 7층,02-6711-9000,"주차가능, 와이파이, 객실금연, 레스토랑, 연회장, 피트니스, 어메니티, 24시간 데스크, 유료세탁, 커피숍, 비즈니스, 수화물보관","라까사호텔 광명은 건조한 삶 속에서 일상의 의미를 되새겨 줄 특별한 호텔입니다. 집처럼 아늑한 객실 디자인, 자연과 문화가 공존하는 다양한 라이프스타일 콘텐츠, 다이내믹한 광명의 로컬 문화가 합쳐져 새로운 호텔 라이프를 만듭니다. 라까사호텔만의 아이덴티티가 담긴 공간에서 보고, 느끼고, 삶을 디자인하세요. 실생활에 적용할 수 있는 인테리어 팁이 가득한 객실이 당신의 삶 속에 특별한 집이 되어 드립니다.",37.42112,126.88238,31,https://www.hotellacasa.kr/main/main_gwangmyeong.php
317,에덴 파라다이스호텔,경기 이천시 마장면 서이천로 449-79,031-645-9100,"주차가능, 와이파이, 야외테라스, 흡연구역, 객실금연, 레스토랑, 연회장, 어메니티, 24시간 데스크, 커피숍, 비즈니스, 수화물보관","몸과 마음이 회복되는 진정한 힐링 플레이스 사랑하는 사람들과 추억을 쌓으며 편안한 쉼과 사색을 통해 더 나은 내일을 만들어 가는 곳. 서비스의 시작과 끝은 모두 고객의 ‘진정한 쉼’에 맞춰져 있습니다. 대 자연 속에서의 힐링, 추억을 만들 수 있는 다양한 장소, 차별화된 맞춤 서비스로 완전한 휴식이 있는 에덴파라다이스 호텔로 여러분을 초대합니다.",37.261674,127.394319,31,https://www.edenparadisehotel.com/
318,라비돌리조트,경기 화성시 정남면 세자로 286,031-352-7150,"주차가능, 와이파이, 객실금연, 비즈니스, 수화물보관","서울에서 30분 거리에 위치한 자연 친화적인 유럽풍 감성의 라비돌 호텔 앤 리조트입니다. 다양한 부대시설과 골프장을 겸비한 종합휴양시설로 멀리서도 한눈에 들어오는 지상17층, 지하1층 규모의 아이보리색 건물은 유럽풍의 이국적인 정취를 느끼게 하고 주변의 산세와 어울려 사람들의 시선을 끄는 매력을 지니고 있습니다. 총 객실 241실과 다양한 규모의 컨벤션 시설은 물론, 남.여 사우나 시설 및 실내 수영장을 갖춘 휘트니스센터와 국내 최고 요리사들이 만들어내는 양식, 중식. 한식을 제공하는 BISTRO 레스토랑에서 아름다운 야외가든을 바라보며 티타임 및 식사를 여유롭게 즐길 수 있습니다.",37.187001,126.984144,31,https://www.laviedor.com/
319,서머셋 센트럴 분당,경기 성남시 분당구 황새울로311번길 36,1877-8006,"주차가능, 조식운영, 와이파이, 객실금연, 무료세탁, 연회장, 피트니스, 뷔페, 어메니티, 24시간데스크, 유료세탁, 커피숍, 비즈니스, 수화물보관","서머셋 센트럴 분당의 인근에는 분당중앙공원, 황새울공원, 탄천강, 상록수광장, 성남아트센터, 남한산성, 성남 야외콘서트홀, 에버랜드 등이 위치해 있습니다. 아울러, 정보기술, 생명공학, 문화기술 및 퓨전기술에 초점을 맞춘 산업단지이자 한국의 실리콘밸리인 판교 테크노밸리도 차로 10분 거리에 위치하고 있습니다. 세련된 도시 생활과 평온한 자연 환경이 조화를 이루는 곳에 위치한 서머셋 센트럴 분당은 활기찬 도시에서 여가 시간을 즐기려는 비즈니스 맨 및 레저 여행객 모두에게 이상적입니다.",37.386507,127.121028,31,https://www.discoverasr.com/ko/somerset-serviced-residence/korea-south/somerset-central-bundang
3110,위례 밀리토피아 호텔,경기 성남시 수정구 위례대로 83 밀리토피아 호텔,031-727-9370,"주차가능, 조식운영, 수영장, 키즈, 와이파이, 야외테라스, 사우나, 흡연구역, 객실금연, 레스토랑, 바, 연회장, 피트니스, 뷔페, 어메니티, 24시간데스크, 유료세탁, 커피숍, 비즈니스, 수화물보관","미래지향적인 웰빙도시 위례신도시의 랜드마크 밀리토피아호텔
남한산성을 에워싼 탁트인 시야와 쾌적하고 여유로운 친자연적인 공간활용, 모던하고 세련된 스타일의 외관과 품격 높은 인테리어로 고객 여러분께 한 차원 높은 라이프스타일을 제공하고자 합니다.
176개의 격조 높은 객실과 세계 각국의 맛과 멋을 선사하는 레스토랑, 대규모 국제회의에서 세미나, 단체행사, 가족모임까지 다양한 연회 시설을 갖추고 있습니다. 또한 상상속 웨딩 세계를 펼쳐드리는 럭셔리한 웨딩홀은 허니문들에게 꿈의 공간과 시간을 제공합니다.
이제 새로운 스타일의 명품호텔 밀리토피아호텔에서 진화되는 라이프스타일을 경험해 보시기 바랍니다.",37.46821,127.144133,31,http://www.militopiahotel.com/
3111,그래비티 서울 판교 오토그래프 컬렉션,경기 성남시 분당구 판교역로146번길 2,031-539-4800,"주차가능, 조식운영, 수영장, 와이파이, 객실금연, 레스토랑, 피트니스, 유료세탁, 수화물보관","그래비티 서울 판교는 잠들어 있는 일상을 깨우는 프리미엄 라이프 스타일 호텔입니다. 일상의 자극과 새롭고 다채로운 경험을 통하여 자신만의 가치를 찾아나서는 고객에게 생동감 넘치는 라이프 스타일을 제안합니다. 현대적이면서도 유니크한 분위기를 연출한 공간은 일상에 새로운 영감을 제공하며,편리하고 섬세한 고객 서비스로 기억에 남는 순간을 전달합니다.매력적인 소셜라이징 이벤트와 프로그램은 다양한 고객들을 연결하는 열린 커뮤니티를 제공합니다.다양한 삶과 개성이 어우러지는 공간, 모던 허브 그래비티 입니다.",37.393426,127.11011,31,https://www.marriott.com/ko/hotels/selay-gravity-seoul-pangyo-autograph-collection/overview/
3112,코트야드 바이 메리어트 수원,경기 수원시 영통구 광교호수공원로 320 코트야드 메리어트 수원,031-267-5600,"주차가능, 조식운영, 와이파이, 클럽라운지, 객실금연, 레스토랑, 바, 연회장, 피트니스, 뷔페, 어메니티, 24시간데스크, 유료세탁, 비즈니스","광교중앙역에서 6분, 강남역에서 30분 거리에 위치한 4성급 수원 호텔은 수원컨벤션센터, 갤러리아백화점, 아쿠아리움과 연결되어 있습니다. 비즈니스 회의 및 특별 행사를 위한 스위트룸과 다기능 공간을 포함한 288개의 객실을 제공합니다. 올데이 다이닝레스토랑 수원키친은 4개의 프라이빗 다이닝 룸을 갖추고 있으며 기업 만찬이나 가벼운 가족 축하 행사에 이상적인 장소입니다. 광교 호수 공원 전망을 감상할 수 있는 야외 테라스가 있는 이그제큐티브 라운지에서는 에그 스테이션이 포함된 무료 조식, 해피아워, 하루 종일 다과가 제공됩니다. 럭셔리 라운지 겸 바인 The Lake Tavern에서 휴식을 취하고 상쾌한 기분을 느껴보세요. 시설이 잘 갖춰진 피트니스 센터는 이동 중에도 상쾌함과 활력을 유지하는 데 도움이 될 것입니다. 비즈니스 여행이든 휴가 여행이든, 코트야드 수원에서 기억에 남을 만한 숙박을 만들어보세요.",37.284611,127.057562,31,https://www.marriott.com/en-us/hotels/selcw-courtyard-suwon/overview/
3113,라마다 앙코르 바이 윈덤 김포 한강 호텔,경기 김포시 고촌읍 아라육로152번길 169,0507-1398-2041,"주차가능, 조식운영, 와이파이, 객실금연, 레스토랑, 연회장, 피트니스, 어메니티, 24시간데스크, 유료세탁, 비즈니스, 수화물보관","라마다앙코르 바이윈덤 김포한강호텔은 전세계적인 예약망과 마케팅 시스템을 구비한 세계적인 호텔 브랜드인 라마다와 제휴하여 2019년 3월 김포시 아라육로에 개관하였습니다. 지하 3층부터 지상 14층까지 총 594개 11타입의 객실과 키즈룸, 키즈존, 레스토랑, 연회장, 비즈니스 센터, 휘트니스 센터, 코인 런드리 등의 부대시설로 고객에게 편의와 휴식을 제공하고 있습니다. 14층에 준비된 월풀룸은 자연의 채광이 좋은 인테리어와 여유로운 한강 전경, 탁 트인 시야의 아침.저녁이 펼쳐지는 곳으로 한 폭의 수채화에 채색을 하는 마음으로 자연의 웅장함을 객실에 펼쳐놓았습니다. 김포국제공항과 자동차로 10분거리로 연결되고, 킨텍스와 20분거리에 위치, 경인아라뱃길, 아라마리나 수상레저체험센터, 김포 경인여객터미널이 위치하며 합리적인 가격대의 관광과 힐링을 위한 호텔 상품을 경험할 수 있는 곳입니다.",37.601342,126.785849,31,https://www.ramadagimpohanriver.com/ko/
322,씨마크호텔,강원 강릉시 해안로406번길 2 씨마크호텔,033-650-7000,"스파/월풀/욕조, 주차가능, 야외수영장, 수영장, 조식운영, 와이파이, 바, 피트니스, 뷔페, 어메니티, 수화물보관","강릉 경포의 아름다운 동해바다와 마주하고 있는 씨마크 호텔은 세계적 건축가 리처드 마이어가 설계하고, 최고의 시설과 서비스를 갖춘 국내 최초의 럭스티지(Luxury+Prestige) 호텔 입니다. 씨마크 호텔 서비스의 시작과 끝은 모두 고객의 '진정한 쉼'에 맞춰져 있습니다. 바다를 품은 객실과 제철 식재료로 만든 건강한 음식, 절경을 만끽하는 레저시설 등 천혜의 자연 속에서 본질적인 휴식을 위한 공간을 지향하는 씨마크 호텔. 고객의 휴식이 최고의 순간이 되는 곳, 씨마크 호텔에 오신 여러분을 환영합니다.",37.797952,128.915375,32,https://www.seamarqhotel.com/
323,롯데리조트 속초,강원 속초시 대포항길 186,033-634-1000,"주차가능, 야외수영장, 수영장, 오션뷰, 와이파이, 야외테라스, 객실금연, 피트니스, 어메니티, 24시간 데스크","롯데리조트속초는 여행과 휴식을 꿈꾸는 누구에게나 특별한 경험을 선사하는 리조트로 3면이 바다로 둘러싸인 천혜의 위치해 모든 객실에서 푸른 바다를 보실 수 있습니다. 푸르른 산과 에메랄드 빛 바다가 만드는 푸른 빛의 향연, 롯데리조트속초에서만 누릴 수 있는 자연의 특권입니다.",38.180478,128.612187,32,https://www.lotteresort.com/main/ko/index
324,스카이베이호텔 경포,강원 강릉시 해안로 476,0507-1441-8903,"주차가능, 야외수영장, 수영장, 오션뷰, 조식운영, 와이파이, 야외테라스, 사우나, 객실금연, 레스토랑, 바, 연회장, 피트니스, 뷔페, 어메니티, 24시간 데스크, 유료세탁, 커피숍, 비즈니스, 수화물보관","스카이베이 경포 호텔은 한국의 관동팔경의 하나로 최고의 휴양지인 강릉 경포대 앞에 위치해 있습니다. 5성급 호텔로서 객실 538개와 연회장, 스카이 라운지 레스토랑과 바 그리고 고급 스파 시설을갖추고 다양한 서비스를 제공하며, 호텔 전 객실에서는 푸른 동해 바다와 경포 호수의 아름다운 경관을 즐기실 수 있습니다.
스카이베이호텔 경포는 환경보호에 동참하기 위하여 객실 내에 칫솔, 치약, 면도기를 포함한 일회용품을 비치하지 않습니다. 또한 샴푸, 컨디션, 바디워시는 친환경 다회용 제품으로 제공됩니다. 기타 객실 어메니티는 호텔 내 로비층, 1층에 비치된 자판기에서 구매가 가능합니다. 그린 스테이로 발돋움하는 스카이베이호텔경포와 함께 더 나은 지구를 위해 그린 캠페인에 동참 부탁드립니다. ",37.80436,128.907724,32,https://skybay.co.kr/
325,에코빌리지,강원 영월군 영월읍 동강로 716 영월에코빌리지,033-375-6800,"주차가능, 조식운영, 바베큐, 트윈베드, 커피숍, 세미나실","에코빌리지는 휴식, 사람, 햇살, 친환경 체험이 어울려 있는 공간으로 탄소배출을 줄이는 체류형 체험을 통해 휴식에 새로운 의미를 부여합니다. 탄소배출 없는 ‘깨끗한 스물 네 시간’의 경험이 삶의 철학과 방식을 바꾸는 작은 모티브가 되길 제안합니다. 영월에코빌리지는 휴식,사람,햇살,친환경 체험이 어울려 있는 공간으로 탄소배출을 줄이는 체류형 체험을 통해 휴식에 새로운 의미를 부여하는 유스호스텔입니다. 총 18개 객실로 이루어져 있고, 자연으로부터 오는 힘을 체험하는 탄소배출 제로하우스 체험 프로그램을 경험할 수 있습니다.",37.228562,128.510493,32,http://ecovil.kr/
326,하이원 그랜드호텔 컨벤션타워,강원 정선군 사북읍 하이원길 265,1588-7789,"주차가능, 조식운영, 와이파이, 객실금연, 레스토랑, 뷔페, 24시간 데스크, 커피숍, 수화물보관","품격과 기능을 중시한 컨벤션 전문호텔. 대규모 국제회의, 공연, 전시회, 이벤트 전문 공간. 신개념 기능성 호텔로서의 역할을 다하기 위해 호텔 관련 모든 정보의 시스템 구축과 ONE STOP SERVICE 제공에 중점을 둔 호텔입니다. 컨벤션 및 성수기 가족고객 편의를 위해 다양한 유형의 객실을 두루 갖추었습니다. 최상의 만족, 최고의 고객감동을 선사하겠습니다.",37.213488,128.821286,32,https://www.high1.com/hotelncondo/contents.do?key=655
327,하이원 그랜드호텔 메인타워,강원 정선군 사북읍 하이원길 265,1588-7790,"주차가능, 조식운영, 와이파이, 객실금연, 레스토랑, 뷔페, 어메니티, 24시간 데스크, 커피숍","하이원 그랜드호텔(메인타워) 은 최고의 서비스를 부담 없는 가격으로 즐기실 수 있는 스탠다드룸에서 부터 최고라 자부하는 프레지덴셜 룸까지 다양한 스위트 룸을 갖추고 있으며, 고객 분들에게 최상의 만족을 드리기 위해 정성을 다한 객실들로 꾸며져 있습니다.",37.212331,128.821906,32,https://www.high1.com/hotelncondo/contents.do?key=642
328,탑스텐 리조트 동강 시스타,강원 영월군 영월읍 사지막길 160,033-905-2000,"애견동반, 주차가능, 조식운영, 노래방, 와이파이, 객실금연, 연회장, 커피숍","굽이쳐 흐르는 동강의 품 안에서 펼쳐지는 유럽피안 리조트 - 아름다운 자연을 담은 객실에서 편안하고 낭만적인 휴식을 누리십시오.
최고의 자연환경을 자랑하는 동강에서도 가장 아름다운 곳에 위치한 유러피안 스타일의 콘도미니엄으로 주변의 경관을 최대한 살린 휴양지 입니다. 치유와 휴식이 있는 사계절 가족 휴양형 생태체험 힐링스파로 동강을 찾는 고객분들에게 편안하면서도 건강한 휴식을 약속합니다.",37.2179,128.5188,32,https://www.cistar.co.kr/view/viewLink.do?page=homepage/KOR/index/index_r
329,라마다 태백 호텔,강원 태백시 태백산로 4839,033-952-9888,"주차가능, 와이파이, 객실금연, 수화물보관","태백산 아래 첫번째 호텔, 아름다운 자연 속 쉼표가 되어드리겠습니다. 젊은 감각, 새로운 비전, 감동적인 서비스로 여러분들께 한발 더 다가가겠습니다.",37.1319,128.9691,32,https://ramadataebaek.modoo.at/
3210,호텔인터불고 원주,강원 원주시 동부순환로 200 호텔인터불고원주컨벤션호텔,033-769-8114,"스파/월풀/욕조, 주차가능, 조식운영, 수영장, 와이파이, 사우나, 패밀리, 흡연구역, 객실금연, 연회장, 피트니스, 어메니티, 24시간 데스크, 커피숍, 비즈니스, 수화물보관","인터불고 INTER BURGO는 스페인어로 화목한 작은 마을이라는 뜻을 지닌 단어입니다. 강원도 원주시에 위치한 호텔인터불고 원주는 건물 후면의 전체가 각각의 4계절마다 그림같은 절경을 자랑하는 높이 1,288M의 대한민국 16호 국립공원 치악산을 바라보고 있습니다.
도심 속에서 즐길 수 있는 골프장을 보유한 호텔인터불고 원주는 편안함과 안락함을 선사할 145여개의 객실과 매일 신선한 재료로 제공되는 조식 뷔페, 그리고 각종 세미나 및 워크숍, 국제행사 등 성공적인 비즈니스를 위한 연회장과 맞춤형 전문 컨설팅을 통한 품격있는 웨딩홀을 보유한 원주 유일의 컨벤션 호텔입니다.",37.3325,127.9742,32,https://ibwonju.com/
3211,디그니티호텔,강원 양양군 양양읍 일출로 159-5 디그니티호텔,0507-1310-4456,"주차가능, 오션뷰, 조식운영, 와이파이, 객실금연, 레스토랑, 어메니티, 24시간데스크, 커피숍, 수화물보관","당신이 꿈꾸는 이 곳에 동해를 가득품은 아름다운 호텔이 있습니다. 설악의 수려한 경관과 동해의 청정한 해변이 만난 그 곳, 양양. 여행의 가치를 높이는 디그니티 호텔로 당신을 초대합니다. 모던한 가구와 조명의 조화로 매력적이고 현대적인 인테리어를 경험하실 수 있습니다. 편안한 휴식의 시작, 디그니티의 다양한 서비스를 누려보세요.",38.1085,128.6405,32,http://www.dignityhotel.co.kr/
3212,정선 그랜드 인투라온 호텔,강원 정선군 사북읍 지장천로 583,033-590-4002,"애견동반, 주차가능, 파티룸","그랜드 인투라온호텔은 아름다운 자연, 싱그러움과 설레임으로 가득한 강원도 정선 사북에 위치해 있습니다. 그랜드 인투라온호텔은 고객님께 삶의 여유와 활력을 더하는 공간이 될 수 있도록 노력하고 있습니다. 아름다운 자연 속에서 최고의 하루를 선사할 수 있는 휴식처이자, 오랜 기억 속에 남을 수 있는 공간이 되어 드리겠습니다. 전 임직원은 최상의 호텔 서비스에 최선을 다할 것을 약속 드립니다. 강원도 정선의 아름다움을 한 곳에서 담고 즐기실 수 있는 최고의 여유를 만나보세요.",37.2267,128.8124,32,http://intoraon.co.kr/
3213,평창 라마다 호텔&스위트,강원 평창군 대관령면 오목길 107,033-333-1000,"주차가능, 조식운영, 야외수영장, 와이파이, 야외테라스, 사우나, 흡연구역, 객실금연, 레스토랑, 연회장, 피트니스, 뷔페, 어메니티, 24시간데스크, 커피숍, 비즈니스, 수화물보관","라마다 호텔&스위트 강원 평창은 36,000제곱미터의 대지 주변으로 펼쳐지는 평창의 아름다운 풍경에 자연스럽게 녹아드는 건축의 형태를 찾아내기 위하여 고민한 결과물이며, 호텔의 생김새는 끊임없이 이어지는 강원도의 산들이 '평창'의 정체성이자, 아름다움의 근원이라는 생각으로 산들로부터 대지까지 이어지는 강원도 산마루의 형태를 이어 받고 있습니다. 고루포기산의 능경봉을 등지고 대관령을 바라보는 산자락에 위치한 호텔에서는 모든 객실에서 대관령의 아름다운 풍광을 조망할 수 있으며, 저희 라마다 호텔&스위트 강원 평창은 이런 자연속에서 휴식을 즐길 수 있도록 고객우선주의와 정성을 다하는 서비스로 고객 만족을 최우선으로 하는 호텔이 되겠습니다.",37.6598,128.7177,32,http://www.pyeongchangramadahotel.com/
3214,SL호텔 강릉,강원 강릉시 주문진읍 주문로 59 SL호텔 강릉,033-920-1800,"주차가능, 조식운영, 야외수영장, 바페큐, 와이파이, 루프탑, 객실금연, 24시간데스크, 비즈니스","아름다운 동해의 일출과 일몰을 즐길 수 있는 곳, SL호텔강릉
때묻지 않은 옛스러움과 모던함이 함께 조화를 이루는 SL호텔강릉은 지역을 대표하는 특급 호텔로 레저와 비즈니스를 위한 다양한 시설과 품격 있는 서비스를 제공합니다.
아무런 준비 없이 찾아도 머무는 동안 최적의 편안함과 최고의 즐거움을 느낄 수 있는 곳. 선제적이고 유연한 서비스와 끊임없이 새로운 경험들로 잊지 못할 즐거운 여정을 선사합니다.",37.8893,128.8254,32,http://www.slhotelgangneung.co.kr/
3215,세인트존스호텔,강원 강릉시 창해로 307,033-660-9000,"주차가능, 오션뷰, 조식운영, 야외수영장, 와이파이, 사우나, 객실금연, 레스토랑, 연회장, 피트니스, 뷔페, 어메니티, 24시간데스크, 유료세탁, 커피숍, 비즈니스, 수화물보관","다양한 엔터테인먼트와 휴양을 한 곳에서 즐길 수 있는 곳, 세인트존스 호텔
푸른 해송숲과 청정 동해 바다가 만나는 곳에 위치한 세인트존스 호텔은 호텔 내 여유로운 휴양은 물론 다양한 부대시설과 서비스를 경험할 수 있는 복합 문화 공간입니다. 부지 면적은 약 1만여 평, 총 1,091객실로 강원도 내 가장 큰 규모를 자랑하며 다양한 연령층의 고객들이 찾는 강릉의 호캉스 명소로 사랑 받고 있고 있습니다. 세인트존스호텔은 반려견 객실을 포함한 총 19가지 룸타입과 함께 2개의 인피니티풀, 다양한 식음업장, 사우나, 피트니스, 국제 행사와 비즈니스 미팅 뿐만 아니라 웨딩, 가족연을 위한 다양한 연회홀을 갖추고 있습니다.",37.7911,128.9211,32,https://new.stjohns.co.kr/
3216,경포비치관광호텔,강원 강릉시 해안로406번길 17,0507-1434-6699,"주차가능, 조식운영, 야외수영장, 와이파이, 야외테라스, 흡연구역, 객실금연, 레스토랑, 바, 연회장, 피트니스, 어메니티, 24시간데스크, 커피숍, 비즈니스, 수화물보관","경포비치관광호텔은 구)르호텔을 리모델링하여 새롭게 탄생했습니다. 깨끗하고 전망 좋은 객실과 최고급 시설과 다양한 부대시설을 갖추며 편안하고 분위기 있는 펍 레스토랑과 조식을 즐길 수 있는 한식당이 있습니다. 펍 레스토랑은 다양한 게임기와 포켓볼이 구비되어 있어 식사를 이용하시며 오락을 즐기실 수도 있습니다. 호텔 야외에는 매일 수질검사와 소독과 청소를 통한 안전한 야외수영장과 건식사우나가 함께 마주하고 있어 남녀노소 누구나 안전하고 재밌게 이용하도록 되어있습니다. 호텔 지하 별관에는 다양한 부대시설이 있는 GROUND 놀이터가 마련되어있습니다. 아이들이 걱정없이 안전하게 놀 수 있는 키즈놀이터와 트램펄린, 재미있는 기차놀이가 있고 여러 가지 종류의 오락실 게임과 당구장 다양한 보드게임 등이 준비되어 있어 아이와 함께 숙박하시는 부모님들도 안전하고 마음 편한 숙박을 하실 수 있습니다. 별관에는 경포호텔최초 고사양 피시들이 갖춰져 있어 숙박 도중 급한 업무 해결뿐만 아니라 고사양 게임들까지 빠른 속도로 사용하실 수 있습니다. 또 깔끔한 휘트니스 센터도 마련되어있습니다. 호텔 내 KTC다목적 실내 체육관도 있습니다. KTC실내 체육관은 다양한 운동기구와 넓은 실내 농구장뿐만 아니라 깔끔한 샤워장까지 갖추고 있어 운동선수들이 훈련과 휴식을 동시에 할 수 있습니다.",37.799069,128.91357,32,http://www.gyungpobeach.com/
3217,속초 아이파크 스위트호텔,강원 속초시 중앙로 266,033-947-0360,"애견동반, 주차가능, 오션뷰, 수영장, 해수욕장 인근, 공기청정기, 와이파이, 트윈베드, 객실금연, 레스토랑, 연회장, 24시간데스크","차랑 5분거리에 설악산 국립공원이 인접한 쾌적한 자연환경/ 바로 앞 속초등대전망대와 등대해수욕장의 동해 앞바다와 연계한 아름다운 수변경관/ 수도권과 연결하는 고속도로와 국도, KTX역(2026년 예정) 인접/ 동명항, 속초항, 국제크루즈터미널, 여객터미널 등 편리한 교통환경으로 일상의 쉼과 다양한 행사를 개최하기에도 최상의 조건을 갖춘 호텔입니다. 동쪽으로는 동해바다가 눈앞에 펼쳐지는 환상적인 오션뷰, 서쪽으로는 도심과 영랑호가 어우러진 프리미엄 시티뷰, 환상적인 바다전망을 제공하는 전 실 테라스는 탁트인 바다와 함께 휴식의 기쁨을 더해줍니다.",38.213632,128.59677,32,http://iparksuite-sokcho.com/
3218,속초 컨피네스 비치 호텔,강원 속초시 해오름로 171,033-637-9494,"주차가능, 야외테라스, 흡연구역, 객실금연, 24시간데스크, 커피숍, 비즈니스, 수화물보관","푸르른 동해 바다와 설악을 품은 속초, 그곳에서 속초 컨피네스 비치호텔이 New Wave를 선도합니다. 아름다운 일출을 자랑하는 속초해수욕장과 사계절 내내 웅장한 기운을 주는 설악산. 그리고 속초시민들의 야경명소이자 휴식처인 청초호까지. 모든 대자연이 감싸 안고 있는 속초 컨피네스 비치호텔에서 오롯이 나만을 위한 품격 있는 휴식과 포근함을 느껴보세요.",38.189741,128.602354,34,http://www.chonpinesbeach.com/html/main.asp
352,힐튼호텔 경주,경북 경주시 보문로 484-7,054-745-7788,"무료 와이파이, 유료 아침식사, 무료 주차 가능, 휠체어 사용 가능, 실내 및 실외 수영장, 에어컨, 세탁 서비스, 비즈니스 센터, 해변 인접, 룸 서비스, 유아 동반 가능, 음식점, 공항 셔틀 서비스, 온수 욕조, 스파, 피트니스 센터, 바, 금연","아름다운 보문호수에 자리잡은 힐튼경주는 모던하고 안락한 인테리어로 편안한 휴식을 선사합니다. 시대에 발맞춰 세계 최고의 호텔로 거듭나기 위해 변화와 혁신을 추구하는 힐튼경주가 되겠습니다. 고객 여러분의 끊임없는 관심과 사랑에 감사드리며, 언제나 변함없는 서비스로 고객 여러분께 특별한 감동을 드리기 위해 최선을 다하겠습니다.",35.839926,129.285853,35,https://www.hilton.com/en/hotels/kyohitw-hilton-gyeongju/?SEO_id=GMB-APAC-TW-KYOHITW
363,아난티 남해,경남 남해군 남면 남서대로1179번길 40-109,055-860-0100,"무료 와이파이, 유료 아침식사, 무료 주차 가능, 휠체어 사용 가능, 수영장, 에어컨, 세탁 서비스, 유아 동반 가능, 음식점, 스파, 금연","천혜의 자연환경을 갖춘 아난티 남해는 해양성 기후로 연중 온화한 기온을 유지하는 남해 섬에 있습니다. 월드 트래블 어워드 12회 연속 수상에 빛나는 PGA 스타일의 18홀 골프 코스, 세계적인 수준의 스파 시설과 품격 있는 객실을 갖춘 곳입니다. 특히 객실의 경우 남해의 아름다운 바다, 섬, 골프 코스를 조망할 수 있도록 설계되었으며, 모던하고 고급스러운 인테리어와 함께 넓은 공간으로 고객에게 특별함과 편안함을 제공합니다. 투숙객은 무료 주차장과 계절에 따라 운영되는 야외 수영장도 이용 가능합니다. 또한 리조트 내부의 5개 레스토랑에서 일식 및 한식 등 다양한 요리와 음료를 즐겨 보십시오. 이터널 저니는 1층에 레스토랑과 식품관을, 2층에는 서점과 키즈 존을 포함하고 있습니다.",34.776721,127.851933,36,https://ananti.kr/ko/namhae
364,크라운호텔 창원,경남 창원시 의창구 창원대로363번길 22-5 크라운호텔,055-237-1001,"무료 와이파이, 유료 아침식사, 무료 주차 가능, 휠체어 사용 가능, 에어컨, 세탁 서비스, 비즈니스 센터, 유아 동반 가능, 음식점, 공학 셔틀 서비스, 금연","저희 호텔은 창원시청과 창원역 차량 10분, 창원 중앙역 차량 15분거리로 창원을 방문하시는분들에게 최고의 접근성을 자랑합니다. 또한 더블룸, 트윈룸, 스위트룸, 온돌룸 등 다양한 형태의 객실을 보유하고 있으며 1층 레스토랑에서는 정갈한 개별 1인식 한식 / 양식 스타일로 조식 선택이 가능하며, 사전 결제시 11,000원 이벤트 중 입니다. 또한 신선한 커피와 음료, 디저트를 제공해드리는 카페 363이 운영중 입니다. 업무적 미팅, 기업연회 등 비지니스 업무에 필요한 크라운호텔 창원만의 특별한 공간도 제공해드리고 있어 비지니스로 창원에 방문시 이용하시기에도 적합합니다. 자세한 문의는 호텔 프론트데스크로 연락주시면 친절히 안내해드리겠습니다.",35.237769,128.640091,36,https://www.crownhotel.kr/
365,설리리조트,경남 남해군 미조면 미송로303번안길 3,055-867-8816,"복층, 개별바비큐, 수영장, 체험활동, 투어, 해수욕장, 바닷가, 수상레저, 공용시설, 세미나실, 와이파이","[신축펜션] [개별테라스] [개별바베큐] [ 바다전망][프리미엄 침구] [ 친환경 가구] [야외 수영장] 1. 예약된 인원 외 다른사람의 방문은 불가합니다. 2. 입금대기인 경우 1시간 이내에 입금 부탁드립니다. 1시간 이후 자동 취소됩니다. 3. 입금하신 후 12시간 이내에 예약완료 문자를 전송해드립니다. 4. 체험프로그램 및 낚시, 오션투어는 펜션 문의 바랍니다. 5. 상가동에서는 바비큐에 필요한 신선한 육류를 판매합니다. 6. 산지에서 제공하는 싱싱한 해산물은 펜션에 문의하시면 구매가능합니다.(그날 조업 상황에 따라 상이함) 7. 단체를 위한 무료 홀 대여는 펜션문의 바라며 단체를 위한 치맥데이를 준비중이니 문의바랍니다. 8. 가족및 어린이를 위한 야외 수영장이 준비되어 있습니다. 어린이는 보호자 동반시 입수가능합니다.",34.705483,128.024439,36,http://seollypension.co.kr/
366,하고게스트하우스,경남 통영시 진남아랫길 23-15 하고게스트하우스,010-3716-8116,"무료 와이파이, 무료 아침식사, 무료 주차 가능, 에어컨, 일부 객실 내 주방시설, 금연","HAGO는 '하고 싶은 대로'하고와 '행복(Happy)하고 좋은(Good) 하루여행(One)'이라는 의미에요. HAGO의 장점이라면 깨끗하고 조용하고 편안한 숙소, 여행이야기가 함께하는 카페테리아, 커피가 맛있어지는 테라스, 그리고 아침에는 주인아저씨가 직접 만들어주는 진짜 맛있는 하고토스트가 유명하지요 ^^ HAGO에는 나홀로 여행족, 친구, 커플 등이 많이 찾아주시는데요. 언제나 행복한 여행이 될 수 있도록 친절한 안내를 해드린답니다.",34.831996,128.407855,36,http://www.hago.modoo.at/
357,나무애,경북 경주시 포석로1068번길 25,0507-1339-6067,"무료 와이파이, 무료 아침식사, 반려동물 허용","우리 숙소는 신라천년의 숨결을 느낄 수 있는 대릉원 남쪽 돌담(황리단길 안)에 접하고 있는 100년된 한옥과 양옥이 어우러진 힐링공간입니다. 우리 숙소에는 전통공예 및 도자기전시장, 문화체험공간 등이 마련되어 있어 전통무용을 감상하고, 전통한복, 사물놀이와 윷놀이를 직접 체험할 수 있습니다. 아침식사는 우아한 레스토랑에서 한식(희망할 경우)과 양식을 즐길 수 있습니다. 한편 우리 숙소는 황리단길 중심에 위치하고 있어 주변에는 대릉원, 첨성대, 반월성, 계림, 동궁과 월지, 박물관 등 신라 유적지가 산재하고 있고, 도보로 5분 정도면 갈 수 있습니다. 또한 주변에는 경주식당, 마놀, 1894, 대릉다원, 월성과자, 도솔마을 등 많은 까페와 식당이 있습니다. 그리고 우리 숙소는, KTX 동경주역에서는 시내버스(고속버스터미널 정류장에서 하차후 도보)로 40분 정도, 시외버스 및 고속터미널에서는 도보로 10분 정도 걸리는 등 접근성이 좋은 위치에 있습니다.",35.8359997,129.212266,35,
382,오시아노 리조트호텔,전남 해남군 화원면 시아로 552,오픈 예정,오픈 예정,오픈 예정,34.667808,126.257797,38,
383,여수 베네치아 호텔&리조트,전남 여수시 오동도로 61-13 여수 베네치아 호텔 앤 리조트,061-664-0001,"무료 와이파이, 유료 아침식사, 무료 주차 가능, 휠체어 사용 가능, 수영장, 에어컨, 세탁 서비스, 비즈니스 센터, 유아 동반 가능, 음식점, 피트니스 센터, 금연","여수 관광의 핵심에 위치. 여수 엑스포 공원 내 아쿠아플라넷, 해상 케이블카, 오동도, KTX 여수 엑스포역에 인접해 있으며 풀 스위트, 4계절 온수풀, 건식 사우나와 투숙객 전용으로 이용할 수 있는 엔터테인먼트 센터에서 당구, 탁구, 다트, 오락 시설, 키즈 카페, 노래방, 피트니스 센터 등 다양한 시설들을 이용하실 수 있습니다. 또한 대형 컨벤션 센터, 미팅룸, 레스토랑, 비즈니스 센터, 코인 세탁실, 커피숍, GS편의점 등 다양한 부대시설로 즐겁고 행복한 숙박을 약속 드립니다.",34.745773,127.75173,38,https://www.yeosuvenezia.com/
374,상하농원 파머스 빌리지,전북 고창군 상하면 상하농원길 6-36,0507-1349-6611,"주차, 예약, 무선 인터넷, 남/녀 화장실 구분","우리 아이들에게 농촌의 가치와 먹거리에 대한 소중함을 알려주고자 했던 저희는 농원을 찾아주시는 많은 손님들이 편히 쉬어가실 수 있도록 자연에서 얻은 나무와 돌로 농원의 큰 헛간을 개조하여 작은 텃밭과 테라스가 있는 소박하지만 따뜻한 공간을 만들었습니다. 좋은 사람들과 자연속에서 즐기는 건강한 한 끼 식사, 밤하늘의 별을 볼 수 있는 작은 창이 있는 방. 푸르른 대지와 농촌의 풍경을 담아 잊지 못할 결혼식을 할 수 있는 상하농원 농부들의 정성과 손길이 닿은 파머스빌리지에서 청정한 자연 속의 팜스테이를 즐겨보세요. 바쁘고 지친 일상에서 벗어나 자연을 누릴 수 있는 파머스빌리지로 여러분을 초대합니다.",35.445433,126.452692,37,https://www.sanghafarm.co.kr/hotel/index.jsp
375,아름다운집 한옥게스트하우스,전북 전주시 완산구 최명희길 24-1,010-8870-9171,"무료 와이파이, 무료 아침식사, 유아 동반 가능, 금연",전주한옥마을 숙박 아름다운집은 한옥체험 시설로 전통한옥을 그대로 재현하여 보존되고 있습니다. 전주한옥마을 중심에 위치하고 있어 관광명소들이 가까이에 있어 편리합니다. 조식서비스와 다양한 체험 할인서비스 등을 제공합니다.,35.8160474,127.15,37,http://www.beautifulhouse.kr/
376,정가한옥,전북 전주시 완산구 기린대로 78-3 정가한옥,010-9934-1300,"무료 와이파이, 무료 주차 가능, 에어컨, 유아 동반 가능, 금연","한국관광공사로 부터 한옥체험업 스텐더드 품질인증을 받았고, 전주시에서 인증하는 우수 한옥체험 숙박시설입니다. 국산 편백과 황토를 사용하여 머무르는 내내 상쾌함과 편안함을 느낄 수 있습니다. 또한 직접 세탁 후 햇볕에 말린 침구를 통해 청결함을 느낄 수 있습니다. 더정가스테이는 엘리베이터를 설치하여 고객님들의 편리성을 도모하였습니다.",35.8164651,127.1551871,37,http://www.jeonggahanog.co.kr/
332,더 조선호텔 수안보,충북 충주시 수안보면 조산공원길 99,043-848-8833,"무료 와이파이, 무료 주차 가능, 휠체어 사용 가능, 수영장, 에어컨, 유아 동반 가능, 음식점, 금연",,36.8456999,127.993922,33,http://www.suanbo.co.kr/
392,제주신라호텔,제주 서귀포시 중문관광로72번길 75,064-735-5114,"무료 와이파이, 유료 아침식사, 무료 주차 가능, 휠체어 사용 가능, 실내 및 실외 수영장, 에어컨, 세탁 서비스, 비즈니스 센터, 해변 인접, 룸 서비스, 유아 동반 가능, 음식점, 온수 욕조, 스파, 피트니스 센터, 바, 금연","휴양지에서의 품격 있는 리조트 호텔 문화를 정착하기 위해 연중 문화 및 엔터테인먼트 프로그램을 고객들에게 제공하고 있는 제주신라호텔은 레저 전문가 서비스 G.A.O.(Guest Activity Organizer), 어덜트 풀, 키즈 캐빈, 글램핑 빌리지, 문라이트 스위밍 등 다양한 시설 및 프로그램을 운영하며 사계절 체재형 리조트로서의 트렌드를 이끌어 가고 있습니다. 누구나 한 번쯤 꿈꾸는 품격 있고 화려한 일상 탈출을 경험하실 수 있습니다.",33.247458,126.408061,39,http://www.shilla.net/jeju/
393,롯데호텔 제주,제주 서귀포시 중문관광로72번길 35 롯데호텔 제주,064-731-1000,"무료 와이파이, 유료 아침식사, 무료 주차 가능, 휠체어 사용 가능, 실내 및 실외 수영장, 에어컨, 세탁 서비스, 비즈니스 센터, 해변 인접, 룸 서비스, 유아 동반 가능, 음식점, 공항 셔틀 서비스, 온수 욕조, 스파, 피트니스 센터, 바, 금연","푸른 제주 바다와 하늘이 맞닿은 곳에 위치한 롯데호텔 제주는 천국 같은 휴식과 여행의 즐거움을 동시에 누릴 수 있는 대한민국 대표 호텔입니다. 제주의 바다를 닮은 사계절 온수풀 ‘해온(海溫)’, 플레이토피아, 특화 객실, 연회장을 비롯해 올데이 다이닝 레스토랑까지 격조 높은 시설과 세심한 배려가 묻어나는 서비스를 경험해 보시기 바랍니다.",33.248602,126.410549,39,https://www.lottehotel.com/jeju-hotel/ko.html
394,WE호텔 제주,제주 서귀포시 1100로 453-95,064-730-1200,"무료 와이파이, 유료 아침식사, 무료 주차 가능, 휠체어 사용 가능, 실내 및 실외 수영장, 에어컨, 세탁 서비스, 비즈니스 센터, 해변 인접, 룸 서비스, 유아 동반 가능, 음식점, 온수 욕조, 스파, 피트니스 센터, 바, 금연","프리미엄 헬스리조트 WE호텔 제주는 5성 <WE호텔>과 한라의료재단의 <WE병원>을 융합한 국내 최초의 원스톱 헬스케어 서비스를 제공하며, 모든 투숙객에게 WE, Healing with you 웰니스 프로그램을 무료로 제공하여, 편안하고 완전한 웰니스 스테이를 위한 아주 특별한 여정을 선사합니다. 유네스코가 인정한 한라산의 중산간에 자리하여 천혜의 자연유산인 약 21만 평방미터에 달하는 청정 숲의 에너지와 한라산의 깊숙한 지하에서 흘러오는 깨끗한 천연화산암반수를 마음껏 누리며 머무르기만 해도 자연 치유가 되는 온전한 쉼의 공간입니다.숲과 물의 자연을 이용하여 활력을 <채움>과 스트레스를 해소하는 <비움>을 같이하는 다양한 웰니스 프로그램을 경험하실 수 있습니다. 피톤치드가 풍부한 해발 350미터의 맑고 깨끗한 편백 숲의 향기와 숲길을 따라 동백꽃, 제주 철쭉, 수국, 참꽃 등 다양한 꽃과 나무로 둘러싸여 있는 인체공학적으로 설계돼 조성된 산책로를 거닐다 보면 나뭇잎 사이로 비치는 따스한 햇살과 산들바람이 내 몸과 마음의 활력을 북돋아 줍니다. 몸에 좋은 바나듐, 셀레늄, 중탄산 등 미네랄 성분이 가득한 천연화산암반수를 객실 내 샤워시설, 수영장, 메디컬스파 시설과 레스토랑 등에 활용하여 우리 몸의 건강한 에너지를 깨우고 정신을 더욱 맑게 해줍니다. 안티에이징 테라피를 포함한 다양한 헬스케어 서비스를 선보이는 메디컬스파센터, 건강증진센터, 뷰티센터를 통해 마음의 안정과 면역력 증진은 물론이고 건강하고 아름다운 자신을 만나게 합니다. 기존의 호텔이나 리조트와 차별화된 프리미엄 헬스리조트 WE호텔 제주에서 스트레스 완화와 안전한 휴식을 경험하시고 제주도 여정 중에 한라산의 맑은 물과 청정에너지의 특별함을 느껴보시길 바랍니다. 프리미엄 헬스리조트 WE호텔 제주는 5성 <WE호텔>과 한라의료재단의 <WE병원>을 융합한 국내 최초의 원스톱 헬스케어 서비스를 제공하며, 모든 투숙객에게 WE, Healing with you 웰니스 프로그램을 무료로 제공하여 편안하고 완전한 웰니스 스테이를 위한 아주 특별한 여정을 선사합니다. 유네스코가 인정한 한라산의 중산간에 자리하여 천혜의 자연유산인 약 21만 평방미터에 달하는 청정 숲의 에너지와 한라산의 깊숙한 지하에서 흘러오는 깨끗한 천연화산암반수를 마음껏 누리며 머무르기만 해도 자연 치유가 되는 온전한 쉼의 공간입니다. 숲과 물의 자연을 이용하여 활력을 <채움>과 스트레스를 해소하는 <비움>을 같이하는 다양한 웰니스 프로그램을 경험하실 수 있습니다. 피톤치드가 풍부한 해발 350미터의 맑고 깨끗한 편백 숲의 향기와 숲길을 따라 동백꽃, 제주 철쭉, 수국, 참꽃 등 다양한 꽃과 나무로 둘러싸여 있는 인체공학적으로 설계돼 조성된 산책로를 거닐다 보면 나뭇잎 사이로 비치는 따스한 햇살과 산들바람이 내 몸과 마음의 활력을 북돋아 줍니다. 몸에 좋은 바나듐, 셀레늄, 중탄산 등 미네랄 성분이 가득한 천연화산암반수를 객실 내 샤워시설, 수영장, 메디컬스파 시설과 레스토랑 등에 활용하여 우리 몸의 건강한 에너지를 깨우고 정신을 더욱 맑게 해줍니다. 안티에이징 테라피를 포함한 다양한 헬스케어 서비스를 선보이는 메디컬스파센터, 건강증진센터, 뷰티센터를 통해 마음의 안정과 면역력 증진은 물론이고 건강하고 아름다운 자신을 만나게 합니다. 기존의 호텔이나 리조트와 차별화된 프리미엄 헬스리조트 WE호텔 제주에서 스트레스 완화와 안전한 휴식을 경험하시고 제주도 여정 중에 한라산의 맑은 물과 청정에너지의 특별함을 느껴보시길 바랍니다.",33.286092,126.444134,39,https://wehotel.co.kr/
395,그랜드 조선 제주,제주 서귀포시 중문관광로72번길 60 그랜드조선제주,064-738-6600,"무료 와이파이, 유료 아침식사, 무료 주차 가능, 휠체어 사용 가능, 실내 및 실외 수영장, 에어컨, 세탁 서비스, 비즈니스 센터, 해변 인접, 룸 서비스, 유아 동반 가능, 음식점, 온수 욕조, 스파, 피트니스 센터, 바, 금연","에메랄드 빛 바다와 천혜의 경관을 그대로 마주하고 있는 그랜드 조선 제주는 제주 대표 관광지가 모여있는 중문관광단지에 위치하여 풍부한 주변 볼거리를 제공합니다. 제주의 바다를 닮은 넓고 고요한 객실은 일상을 벗어난 편안한 여유의 시간을 즐기기에 최적의 공간입니다. 특히, 그랜드 조선 힐 스위트는 완벽한 공간 분리를 통해 오직 서로에게만 집중하고 싶은 허니무너들에게 가장 달콤하고 프라이빗한 시간을 선사합니다. 미식의 즐거움을 책임지는 6개의 레스토랑 & 바 그리고 사계절 온수풀, 피트니스, 스파, 키즈클럽까지 다양한 서비스와 컨텐츠를 통해 즐거움으로 가득찬 여정을 선사합니다.",33.252466,126.408151,39,https://gjj.josunhotel.com/main.do
396,메종 글래드 제주,제주 제주시 노연로 80,064-747-5000,"무료 와이파이, 유료 아침식사, 무료 주차 가능, 휠체어 사용 가능, 수영장, 에어컨, 세탁 서비스, 비즈니스 센터, 룸 서비스, 유아 동반 가능, 음식점, 온수 욕조, 스파, 피트니스 센터, 바, 금연","제주국제공항과 10분 거리에 위치한 메종글래드 제주는 제주 도민의 삶 속 깊이 자리잡은 랜드마크이자, 제주 고유의 매력을 경험할 수 있는 호텔입니다. 40여 년 역사를 존중하는 헤리티지와 모던의 균형 있는 가치를 간직한 호텔로, 제주의 감성을 더한 스마트 럭셔리를 통해 특별한 경험을 느끼실 수 있습니다. 고풍스러운 건물과 13개 타입의 513개 모던 클래식 객실(56개 스위트 룸 포함), 특급 호텔리어의 친밀하고 기품있는 서비스는 편안하고 여유로운 글래드 모먼트(GLAD MOMENT)를 선사합니다. 뿐만 아니라, 최대 1,200명 수용 가능한 규모의 컨벤션홀에서부터 5개 국어 동시통역 시스템을 갖춘 6개의 연회장, 외국인 전용 카지노 등 최고급 부대시설을 갖추고 있습니다. 제주시 유일의 야외 패밀리 수영장&인피니티 풀, 솔내음이 가득한 메종힐스 산책로와 캠핑존 등 다양한 시설과, 키즈룸, 실내 사우나 & 휘트니스, 국제수준의 제주도 대표적 골프장인 오라컨트리클럽 등 대규모 부대시설을 통해 도심 속 환상적인 리조트 라이프스타일을 경험할 수 있습니다.",33.485126,126.488661,39,https://www.glad-hotels.com/maisongladjeju/index.do
397,라마다프라자 제주호텔,제주 제주시 탑동로 66,064-729-8100,"무료 와이파이, 유료 아침식사, 무료 주차 가능, 휠체어 사용 가능, 실내 및 실외 수영장, 에어컨, 세탁 서비스, 비즈니스 센터,  해변 인접, 룸 서비스, 유아 동반 가능, 음식점, 공항 셔틀 서비스, 온수 욕조, 스파, 피트니스 센터, 금연",제주도 제주시 탑동 해변가에 위치한 라마다프라자 제주 호텔은 호화 유람선을 모티브로 한 독특한 설계와 바다와 바로 인접해 있는 국내 최초의 해변호텔 로서 제주항과 제주국제공항에서 차로 5분거리의 가까운 곳이며 제주에서 새롭게 부상하는 번화가에 위치해 국내외 관광객들에게 또 하나의 제주관광 명소로서 기억이 남게 될 것입니다.,33.518869,126.517912,39,http://www.ramadajeju.co.kr/
398,벤티모 호텔 앤 레지던스 제주,제주 제주시 연삼로 14,0507-1439-2295,"무료 와이파이, 조식 포함, 무료 주차 가능, 에어컨, 피트니스 센터, 금연","벤티모 호텔 앤 레지던스 제주, VENTIMO HOTEL & RESIDENCE JEJU 입니다. 벤티모는 친환경 스마트 호텔로 예약, 체크인/아웃 등의 서비스를 자동객실관리시스템을 통해 보다 편리하게 이용이 가능합니다. 또한, eco-friendly 어메니티와 구스다운 베딩을 포함한 특급객실환경과 함께 호텔객실이 제주도 바다와 공항을 조망하는 전망을 갖추고 있어 여러분께 최고의 공간이 될 것입니다.",33.493508,126.493808,39,http://www.ventimohotels.com
399,제주신화월드 호텔앤리조트,제주 서귀포시 안덕면 신화역사로304번길 38,1670-1188,"단체석, 주차, 예약, 무선 인터넷, 유아시설 (놀이방), 남/녀 화장실 구분, 장애인 편의시설","모든 여행을 만족시키는 호텔 리조트 서비스를 경험하세요! 제주신화월드 호텔 앤 리조트에는 각각 콘셉트가 다른 4개의 리조트가 있습니다. 대규모 컨벤션 시설에서 가장 가까워 MICE에 최적인 랜딩관 제주신화월드 호텔앤리조트, 다양한 레스토랑과 외국인 전용카지노, 실내외 수영장에 접근하기 편리한 메리어트관 제주신화월드 호텔앤리조트, 신화워터파크를 마주 보고 있어서 가족들을 위한 최고의 환경인 신화관 제주신화월드 호텔앤리조트. 여행객의 선택에 따라 철저한 프라이버시를 보장해드립니다.",33.306469,126.317337,39,https://www.shinhwaworld.com
3910,베이힐 풀&빌라,제주 서귀포시 예래로 424,064-801-9000,"무료 와이파이, 유료 아침식사, 무료 주차 가능, 휠체어 사용 가능, 실외 수영장, 에어컨, 비즈니스 센터, 룸 서비스, 유아 동반 가능, 음식점, 모든 객실 내 주방시설, 온수 욕조, 스파, 바, 금연","베이힐풀앤빌라는 제주도 중문권에 위치한 고급 풀 빌라입니다. 하나의 호텔동과 9 개의 빌라동이 있으며 각각의 객실은 독특한 컨셉으로 디자인 되었으며 한국에서 가장 권위 높은 건축가 협회상을 2015년에 수상 하였습니다. 모든 객실에는 바다 전망이며, 제주도 남쪽의 푸른 바다는 넓은 창문을 통해 볼 수 있습니다. 특히 객실 내 전용 자쿠지 및 야외 공용 수영장(여름시즌한정)은 바쁜 하루를 보낸 후 휴식과 긴장을 풀어줍니다.",33.2369293,126.3726851,39,http://www.bayhill.co.kr/
3911,제주 에코 스위츠,제주 서귀포시 중문상로 207-13,064-738-9975,"조식제공, 반려동물, 바비큐장, 개별바비큐, 스파, 와이파이, 공용시설, 모던, 침대방, 가족실, 해수욕장, 바닷가, 독채, 계곡, 수상레저, 체험활동, 개별샤워실, 개별화장실","제주에코스위츠 펜션은 제주의 신비로운 하늘과 구름을 바라보며 자연을 가까이 느끼면서, 도시에서의 스트레스를 날려 버릴 수 있는 최적의 장소입니다. 2022년11월15일 에코스위츠는 제주우수관광업체 숙박분야에서 지정되었습니다! 차로 10분 거리에 천제연폭포, 주상절리, 중문해수욕장, 식당, 마트 등 주변 중문관광지가 가까운 곳에 있으며, 서귀포까지는 차량으로 20분 거리에 위치해 있습니다. 아름다운 한라산의 영실코스까지는 차로 30분, 제주공항까지는 자동차로 50분이 소요됩니다. 자연에 미치는 영향을 최소화 하면서 보다 친절하고 친환경적인 편안함을 제공합니다. 본 숙소는 세이프스테이 캠페인에 참여하는 합법숙소입니다.",33.2654244,126.4277447,39,https://blog.naver.com/jejueco2
3912,제주 해바라기 펜션,제주 서귀포시 표선면 일주동로6285번길 13-12 해바라기펜션,064-787-7292,"단체, 풀빌라, 스파, 키즈테마, 개별바비큐, 수영장, 바닷가, 와이파이, 무료 주차, 바비큐장, 잔디, 금연","제주해바라기펜션은 제주도 동남부 중심에 위치해 있어 성산일출봉, 우도, 스누피가든, 제주민속촌, 성읍민속마을, 서귀포 정방폭포, 쇠소깍 등 많은 여행지를 편리하게 다닐 수 있어요. 저희 펜션은 바다와 올레길이 도보 3분거리에 위치해있어 바다전망과 산책로가 잘 되어 있고 키즈숙소부터, 커다란 객실 가족숙소까지 어떤 구성의 가족과 친구들이라도 편안하게 머무르실 수 있어요. 또 내부는 친환경 편백나무로 꾸며져 있어 제주도에서의 힐링을 도와드린답니다. 여름(7월,8월 날짜 추후공지)에는 어린이풀장이 운영되고 5분거리의 해수욕장에서 가족들과 즐거운 시간을 보내실 수 있어요.",33.3056026,126.8012145,39,https://blog.naver.com/kdy81jjang